{"AirportBoardsResult":{"airport":"CYXE","airport_info":{"airport_code":"CYXE","name":"Saskatoon Int'l","elevation":1653.0,"city":"Saskatoon","state":"Saskatchewan","longitude":-106.699722,"latitude":52.170834,"timezone":":America/Regina","country_code":"CA","wiki_url":"https://en.wikipedia.org/wiki/Saskatoon_John_G._Diefenbaker_International_Airport","alternate_ident":"YXE"},"arrivals":{"num_flights":15,"next_offset":15,"flights":[{"ident":"JZA8580","atc_ident":"JZA580","faFlightID":"JZA8580-1541831142-airline-0127","airline":"JZA","airline_iata":"QK","flightnumber":"8580","tailnumber":"C-GGNW","type":"Form_Airline","blocked":false,"diverted":false,"cancelled":false,"origin":{"code":"CYYC","city":"Calgary, Alberta","alternate_ident":"","airport_name":"Calgary Int'l"},"destination":{"code":"CYXE","city":"Saskatoon, Saskatchewan","alternate_ident":"","airport_name":"Saskatoon Int'l"},"filed_ete":3240,"route":"VETBI Q967 GUDOG IMOTA MAVOB MAVOB4","filed_altitude":250,"display_filed_altitude":"25,000 feet","filed_airspeed_kts":309,"distance_filed":369,"filed_departure_time":{"epoch":1542037500,"tz":"MST","dow":"Monday","time":"08:45AM","date":"2018/11/12","localtime":1542012300},"estimated_departure_time":{"epoch":1542037211,"tz":"MST","dow":"Monday","time":"08:40AM","date":"2018/11/12","localtime":1542012011},"actual_departure_time":{"epoch":1542037140,"tz":"MST","dow":"Monday","time":"08:39AM","date":"2018/11/12","localtime":1542011940},"departure_delay":-420,"filed_arrival_time":{"epoch":1542040740,"tz":"CST","dow":"Monday","time":"10:39AM","date":"2018/11/12","localtime":1542019140},"estimated_arrival_time":{"epoch":1542040782,"tz":"CST","dow":"Monday","time":"10:39AM","date":"2018/11/12","localtime":1542019182},"actual_arrival_time":{"epoch":1542040734,"tz":"CST","dow":"Monday","time":"10:38AM","date":"2018/11/12","localtime":1542019134},"arrival_delay":-6,"status":"Landed / Taxiing","progress_percent":100,"aircrafttype":"DH8D","full_aircrafttype":"DH8D","adhoc":false},{"ident":"WEN3372","faFlightID":"WEN3372-1541831156-airline-0034","airline":"WEN","airline_iata":"WR","flightnumber":"3372","tailnumber":"C-GWEJ","type":"Form_Airline","codeshares":"WJA3372","blocked":false,"diverted":false,"cancelled":false,"origin":{"code":"CYYC","city":"Calgary, Alberta","alternate_ident":"","airport_name":"Calgary Int'l"},"destination":{"code":"CYXE","city":"Saskatoon, Saskatchewan","alternate_ident":"","airport_name":"Saskatoon Int'l"},"filed_ete":2940,"route":"VETBI Q967 IMOTA MAVOB MAVOB4","filed_altitude":250,"display_filed_altitude":"25,000 feet","filed_airspeed_kts":350,"distance_filed":388,"filed_departure_time":{"epoch":1542036600,"tz":"MST","dow":"Monday","time":"08:30AM","date":"2018/11/12","localtime":1542011400},"estimated_departure_time":{"epoch":1542036227,"tz":"MST","dow":"Monday","time":"08:23AM","date":"2018/11/12","localtime":1542011027},"actual_departure_time":{"epoch":1542036227,"tz":"MST","dow":"Monday","time":"08:23AM","date":"2018/11/12","localtime":1542011027},"departure_delay":-660,"filed_arrival_time":{"epoch":1542039540,"tz":"CST","dow":"Monday","time":"10:19AM","date":"2018/11/12","localtime":1542017940},"estimated_arrival_time":{"epoch":1542039981,"tz":"CST","dow":"Monday","time":"10:26AM","date":"2018/11/12","localtime":1542018381},"actual_arrival_time":{"epoch":1542039981,"tz":"CST","dow":"Monday","time":"10:26AM","date":"2018/11/12","localtime":1542018381},"arrival_delay":480,"status":"Arrived / Gate Arrival","progress_percent":100,"aircrafttype":"DH8D","full_aircrafttype":"DH8D","adhoc":false},{"ident":"ACA1121","faFlightID":"ACA1121-1541831141-airline-0119","airline":"ACA","airline_iata":"AC","flightnumber":"1121","tailnumber":"C-FNAN","type":"Form_Airline","codeshares":"AVA6968","blocked":false,"diverted":false,"cancelled":false,"origin":{"code":"CYYZ","city":"Toronto, Ontario","alternate_ident":"","airport_name":"Toronto Pearson Int'l"},"destination":{"code":"CYXE","city":"Saskatoon, Saskatchewan","alternate_ident":"","airport_name":"Saskatoon Int'l"},"filed_ete":11280,"route":"AVSEP4 ROTMA SSM 4900N/09000W YHD J576 YDN YQV PENPI DUNEM4","filed_altitude":320,"display_filed_altitude":"32,000 feet","filed_airspeed_kts":453,"distance_filed":1408,"filed_departure_time":{"epoch":1542028200,"tz":"EST","dow":"Monday","time":"08:10AM","date":"2018/11/12","localtime":1542010200},"estimated_departure_time":{"epoch":1542028680,"tz":"EST","dow":"Monday","time":"08:18AM","date":"2018/11/12","localtime":1542010680},"actual_departure_time":{"epoch":1542028200,"tz":"EST","dow":"Monday","time":"08:10AM","date":"2018/11/12","localtime":1542010200},"departure_delay":0,"filed_arrival_time":{"epoch":1542039480,"tz":"CST","dow":"Monday","time":"10:18AM","date":"2018/11/12","localtime":1542017880},"estimated_arrival_time":{"epoch":1542039819,"tz":"CST","dow":"Monday","time":"10:23AM","date":"2018/11/12","localtime":1542018219},"actual_arrival_time":{"epoch":1542039819,"tz":"CST","dow":"Monday","time":"10:23AM","date":"2018/11/12","localtime":1542018219},"arrival_delay":-180,"status":"Arrived / Gate Arrival","progress_percent":100,"aircrafttype":"E190","full_aircrafttype":"E190","adhoc":false},{"ident":"SWG352","faFlightID":"SWG352-1541831155-airline-0135","airline":"SWG","airline_iata":"WG","flightnumber":"352","tailnumber":"C-GBZS","type":"Form_Airline","blocked":false,"diverted":false,"cancelled":false,"origin":{"code":"CYVR","city":"Vancouver, British Columbia","alternate_ident":"","airport_name":"Vancouver Int'l"},"destination":{"code":"CYXE","city":"Saskatoon, Saskatchewan","alternate_ident":"","airport_name":"Saskatoon Int'l"},"filed_ete":6000,"route":"ADSIX KESTA KETTL LOMLO MAVOB MAVOB4","filed_altitude":410,"display_filed_altitude":"41,000 feet","filed_airspeed_kts":440,"distance_filed":815,"filed_departure_time":{"epoch":1542031800,"tz":"PST","dow":"Monday","time":"06:10AM","date":"2018/11/12","localtime":1542003000},"estimated_departure_time":{"epoch":1542032654,"tz":"PST","dow":"Monday","time":"06:24AM","date":"2018/11/12","localtime":1542003854},"actual_departure_time":{"epoch":1542032654,"tz":"PST","dow":"Monday","time":"06:24AM","date":"2018/11/12","localtime":1542003854},"departure_delay":854,"filed_arrival_time":{"epoch":1542037800,"tz":"CST","dow":"Monday","time":"09:50AM","date":"2018/11/12","localtime":1542016200},"estimated_arrival_time":{"epoch":1542038934,"tz":"CST","dow":"Monday","time":"10:08AM","date":"2018/11/12","localtime":1542017334},"actual_arrival_time":{"epoch":1542038872,"tz":"CST","dow":"Monday","time":"10:07AM","date":"2018/11/12","localtime":1542017272},"arrival_delay":1072,"status":"Arrived / Gate Arrival","progress_percent":100,"aircrafttype":"B738","full_aircrafttype":"B738","adhoc":false},{"ident":"WEN3275","faFlightID":"WEN3275-1541831156-airline-0385","airline":"WEN","airline_iata":"WR","flightnumber":"3275","tailnumber":"C-FIWE","type":"Form_Airline","codeshares":"WJA3275","blocked":false,"diverted":false,"cancelled":false,"origin":{"code":"CYWG","city":"Winnipeg, Manitoba","alternate_ident":"","airport_name":"Winnipeg Int'l"},"destination":{"code":"CYXE","city":"Saskatoon, Saskatchewan","alternate_ident":"","airport_name":"Saskatoon Int'l"},"filed_ete":4920,"route":"ALKOG DEPMI MUSKK PENPI DUNEM4","filed_altitude":240,"display_filed_altitude":"24,000 feet","filed_airspeed_kts":354,"distance_filed":465,"filed_departure_time":{"epoch":1542028800,"tz":"CST","dow":"Monday","time":"07:20AM","date":"2018/11/12","localtime":1542007200},"estimated_departure_time":{"epoch":1542028560,"tz":"CST","dow":"Monday","time":"07:16AM","date":"2018/11/12","localtime":1542006960},"actual_departure_time":{"epoch":1542028560,"tz":"CST","dow":"Monday","time":"07:16AM","date":"2018/11/12","localtime":1542006960},"departure_delay":-240,"filed_arrival_time":{"epoch":1542033720,"tz":"CST","dow":"Monday","time":"08:42AM","date":"2018/11/12","localtime":1542012120},"estimated_arrival_time":{"epoch":1542034328,"tz":"CST","dow":"Monday","time":"08:52AM","date":"2018/11/12","localtime":1542012728},"actual_arrival_time":{"epoch":1542034328,"tz":"CST","dow":"Monday","time":"08:52AM","date":"2018/11/12","localtime":1542012728},"arrival_delay":-420,"status":"Arrived / Gate Arrival","progress_percent":100,"aircrafttype":"DH8D","full_aircrafttype":"DH8D","adhoc":false},{"ident":"JZA8293","atc_ident":"JZA293","faFlightID":"JZA8293-1541831142-airline-0076","airline":"JZA","airline_iata":"QK","flightnumber":"8293","tailnumber":"C-FSOU","type":"Form_Airline","blocked":false,"diverted":false,"cancelled":false,"origin":{"code":"CYWG","city":"Winnipeg, Manitoba","alternate_ident":"","airport_name":"Winnipeg Int'l"},"destination":{"code":"CYXE","city":"Saskatoon, Saskatchewan","alternate_ident":"","airport_name":"Saskatoon Int'l"},"filed_ete":6000,"route":"ALKOG DEPMI MUSKK PENPI DUNEM DUNEM4","filed_altitude":200,"display_filed_altitude":"20,000 feet","filed_airspeed_kts":282,"distance_filed":465,"filed_departure_time":{"epoch":1542028200,"tz":"CST","dow":"Monday","time":"07:10AM","date":"2018/11/12","localtime":1542006600},"estimated_departure_time":{"epoch":1542027600,"tz":"CST","dow":"Monday","time":"07:00AM","date":"2018/11/12","localtime":1542006000},"actual_departure_time":{"epoch":1542027600,"tz":"CST","dow":"Monday","time":"07:00AM","date":"2018/11/12","localtime":1542006000},"departure_delay":-540,"filed_arrival_time":{"epoch":1542034200,"tz":"CST","dow":"Monday","time":"08:50AM","date":"2018/11/12","localtime":1542012600},"estimated_arrival_time":{"epoch":1542034056,"tz":"CST","dow":"Monday","time":"08:47AM","date":"2018/11/12","localtime":1542012456},"actual_arrival_time":{"epoch":1542033881,"tz":"CST","dow":"Monday","time":"08:44AM","date":"2018/11/12","localtime":1542012281},"arrival_delay":-319,"status":"Arrived / Gate Arrival","progress_percent":100,"aircrafttype":"DH8C","full_aircrafttype":"DH8C","adhoc":false},{"ident":"WJA600","faFlightID":"WJA600-1541744772-airline-0183","airline":"WJA","airline_iata":"WS","flightnumber":"600","tailnumber":"C-FWSE","type":"Form_Airline","codeshares":"QFA3977,DAL7024","blocked":false,"diverted":false,"cancelled":false,"origin":{"code":"CYYC","city":"Calgary, Alberta","alternate_ident":"","airport_name":"Calgary Int'l"},"destination":{"code":"CYXE","city":"Saskatoon, Saskatchewan","alternate_ident":"","airport_name":"Saskatoon Int'l"},"filed_ete":3120,"route":"LOMLO Q979 IMOTA MAVOB MAVOB4","filed_altitude":390,"display_filed_altitude":"39,000 feet","filed_airspeed_kts":444,"distance_filed":339,"filed_departure_time":{"epoch":1542002400,"tz":"MST","dow":"Sunday","time":"11:00PM","date":"2018/11/11","localtime":1541977200},"estimated_departure_time":{"epoch":1542003292,"tz":"MST","dow":"Sunday","time":"11:14PM","date":"2018/11/11","localtime":1541978092},"actual_departure_time":{"epoch":1542003292,"tz":"MST","dow":"Sunday","time":"11:14PM","date":"2018/11/11","localtime":1541978092},"departure_delay":180,"filed_arrival_time":{"epoch":1542005520,"tz":"CST","dow":"Monday","time":"12:52AM","date":"2018/11/12","localtime":1541983920},"estimated_arrival_time":{"epoch":1542006330,"tz":"CST","dow":"Monday","time":"01:05AM","date":"2018/11/12","localtime":1541984730},"actual_arrival_time":{"epoch":1542006330,"tz":"CST","dow":"Monday","time":"01:05AM","date":"2018/11/12","localtime":1541984730},"arrival_delay":-420,"status":"Arrived / Gate Arrival","progress_percent":100,"aircrafttype":"B738","full_aircrafttype":"B738","adhoc":false},{"ident":"JZA8588","atc_ident":"JZA588","faFlightID":"JZA8588-1541744771-airline-0163","airline":"JZA","airline_iata":"QK","flightnumber":"8588","tailnumber":"C-GBJZ","type":"Form_Airline","blocked":false,"diverted":false,"cancelled":false,"origin":{"code":"CYYC","city":"Calgary, Alberta","alternate_ident":"","airport_name":"Calgary Int'l"},"destination":{"code":"CYXE","city":"Saskatoon, Saskatchewan","alternate_ident":"","airport_name":"Saskatoon Int'l"},"filed_ete":3660,"route":"VETBI Q967 GUDOG IMOTA MAVOB MAVOB4","filed_altitude":250,"display_filed_altitude":"25,000 feet","filed_airspeed_kts":333,"distance_filed":341,"filed_departure_time":{"epoch":1541999700,"tz":"MST","dow":"Sunday","time":"10:15PM","date":"2018/11/11","localtime":1541974500},"estimated_departure_time":{"epoch":1542001048,"tz":"MST","dow":"Sunday","time":"10:37PM","date":"2018/11/11","localtime":1541975848},"actual_departure_time":{"epoch":1542001048,"tz":"MST","dow":"Sunday","time":"10:37PM","date":"2018/11/11","localtime":1541975848},"departure_delay":240,"filed_arrival_time":{"epoch":1542003360,"tz":"CST","dow":"Monday","time":"12:16AM","date":"2018/11/12","localtime":1541981760},"estimated_arrival_time":{"epoch":1542004512,"tz":"CST","dow":"Monday","time":"12:35AM","date":"2018/11/12","localtime":1541982912},"actual_arrival_time":{"epoch":1542004512,"tz":"CST","dow":"Monday","time":"12:35AM","date":"2018/11/12","localtime":1541982912},"arrival_delay":1152,"status":"Arrived / Gate Arrival","progress_percent":100,"aircrafttype":"DH8D","full_aircrafttype":"DH8D","adhoc":false},{"ident":"ACA1131","faFlightID":"ACA1131-1541744759-airline-0311","airline":"ACA","airline_iata":"AC","flightnumber":"1131","tailnumber":"C-FHOS","type":"Form_Airline","codeshares":"AVA6970,ETD3862,DLH6595","blocked":false,"diverted":false,"cancelled":false,"origin":{"code":"CYYZ","city":"Toronto, Ontario","alternate_ident":"","airport_name":"Toronto Pearson Int'l"},"destination":{"code":"CYXE","city":"Saskatoon, Saskatchewan","alternate_ident":"","airport_name":"Saskatoon Int'l"},"filed_ete":10560,"route":"AVSEP4 ROTMA SSM 4900N/09000W YDN YQV PENPI DUNEM4","filed_altitude":360,"display_filed_altitude":"36,000 feet","filed_airspeed_kts":454,"distance_filed":1408,"filed_departure_time":{"epoch":1541988300,"tz":"EST","dow":"Sunday","time":"09:05PM","date":"2018/11/11","localtime":1541970300},"estimated_departure_time":{"epoch":1541988780,"tz":"EST","dow":"Sunday","time":"09:13PM","date":"2018/11/11","localtime":1541970780},"actual_departure_time":{"epoch":1541988840,"tz":"EST","dow":"Sunday","time":"09:14PM","date":"2018/11/11","localtime":1541970840},"departure_delay":-420,"filed_arrival_time":{"epoch":1541998860,"tz":"CST","dow":"Sunday","time":"11:01PM","date":"2018/11/11","localtime":1541977260},"estimated_arrival_time":{"epoch":1542000310,"tz":"CST","dow":"Sunday","time":"11:25PM","date":"2018/11/11","localtime":1541978710},"actual_arrival_time":{"epoch":1542000310,"tz":"CST","dow":"Sunday","time":"11:25PM","date":"2018/11/11","localtime":1541978710},"arrival_delay":60,"status":"Arrived / Gate Arrival","progress_percent":100,"aircrafttype":"E190","full_aircrafttype":"E190","adhoc":false},{"ident":"WJA688","faFlightID":"WJA688-1541744772-airline-0147","airline":"WJA","airline_iata":"WS","flightnumber":"688","tailnumber":"C-GWSH","type":"Form_Airline","codeshares":"QFA3981,KAL6617,DAL7095,CSN4461,AFR6556","blocked":false,"diverted":false,"cancelled":false,"origin":{"code":"CYVR","city":"Vancouver, British Columbia","alternate_ident":"","airport_name":"Vancouver Int'l"},"destination":{"code":"CYXE","city":"Saskatoon, Saskatchewan","alternate_ident":"","airport_name":"Saskatoon Int'l"},"filed_ete":6360,"route":"VIDRI TOVIS KEBRU KEBRU4","filed_altitude":390,"display_filed_altitude":"39,000 feet","filed_airspeed_kts":427,"distance_filed":807,"filed_departure_time":{"epoch":1541992200,"tz":"PST","dow":"Sunday","time":"07:10PM","date":"2018/11/11","localtime":1541963400},"estimated_departure_time":{"epoch":1541993530,"tz":"PST","dow":"Sunday","time":"07:32PM","date":"2018/11/11","localtime":1541964730},"actual_departure_time":{"epoch":1541993530,"tz":"PST","dow":"Sunday","time":"07:32PM","date":"2018/11/11","localtime":1541964730},"departure_delay":900,"filed_arrival_time":{"epoch":1541998560,"tz":"CST","dow":"Sunday","time":"10:56PM","date":"2018/11/11","localtime":1541976960},"estimated_arrival_time":{"epoch":1541999640,"tz":"CST","dow":"Sunday","time":"11:14PM","date":"2018/11/11","localtime":1541978040},"actual_arrival_time":{"epoch":1541999640,"tz":"CST","dow":"Sunday","time":"11:14PM","date":"2018/11/11","localtime":1541978040},"arrival_delay":1440,"status":"Arrived / Gate Arrival","progress_percent":100,"aircrafttype":"B737","full_aircrafttype":"B737","adhoc":false},{"ident":"JZA8576","atc_ident":"JZA576","faFlightID":"JZA8576-1541744759-airline-0043","airline":"JZA","airline_iata":"QK","flightnumber":"8576","tailnumber":"C-FCJZ","type":"Form_Airline","blocked":false,"diverted":false,"cancelled":false,"origin":{"code":"CYVR","city":"Vancouver, British Columbia","alternate_ident":"","airport_name":"Vancouver Int'l"},"destination":{"code":"CYXE","city":"Saskatoon, Saskatchewan","alternate_ident":"","airport_name":"Saskatoon Int'l"},"filed_ete":5760,"route":"HUH J534 IWACK J503 YDC MENBO YYC GUDOG IMOTA MAVOB MAVOB4","filed_altitude":370,"display_filed_altitude":"37,000 feet","filed_airspeed_kts":453,"distance_filed":770,"filed_departure_time":{"epoch":1541993100,"tz":"PST","dow":"Sunday","time":"07:25PM","date":"2018/11/11","localtime":1541964300},"estimated_departure_time":{"epoch":1541993280,"tz":"PST","dow":"Sunday","time":"07:28PM","date":"2018/11/11","localtime":1541964480},"actual_departure_time":{"epoch":1541993220,"tz":"PST","dow":"Sunday","time":"07:27PM","date":"2018/11/11","localtime":1541964420},"departure_delay":-180,"filed_arrival_time":{"epoch":1541998860,"tz":"CST","dow":"Sunday","time":"11:01PM","date":"2018/11/11","localtime":1541977260},"estimated_arrival_time":{"epoch":1541999508,"tz":"CST","dow":"Sunday","time":"11:11PM","date":"2018/11/11","localtime":1541977908},"actual_arrival_time":{"epoch":1541999340,"tz":"CST","dow":"Sunday","time":"11:09PM","date":"2018/11/11","localtime":1541977740},"arrival_delay":480,"status":"Arrived / Gate Arrival","progress_percent":100,"aircrafttype":"CRJ9","full_aircrafttype":"CRJ9","adhoc":false},{"ident":"SLG4","faFlightID":"SLG4-1541985683-4-0-104","airline":"SLG","flightnumber":"4","type":"Form_Airline","blocked":false,"diverted":false,"cancelled":false,"origin":{"code":"CJF3","city":"","alternate_ident":"","airport_name":""},"destination":{"code":"CYXE","city":"Saskatoon, Saskatchewan","alternate_ident":"","airport_name":"Saskatoon Int'l"},"filed_ete":2880,"filed_altitude":190,"display_filed_altitude":"19,000 feet","filed_airspeed_kts":270,"distance_filed":235,"filed_departure_time":{"epoch":1541995200,"tz":"UTC","dow":"Monday","time":"04:00AM","date":"2018/11/12","localtime":1541995200},"estimated_departure_time":{"epoch":1541996280,"tz":"UTC","dow":"Monday","time":"04:18AM","date":"2018/11/12","localtime":1541996280},"actual_departure_time":{"epoch":1541996280,"tz":"UTC","dow":"Monday","time":"04:18AM","date":"2018/11/12","localtime":1541996280},"departure_delay":1080,"filed_arrival_time":{"epoch":1541998080,"tz":"CST","dow":"Sunday","time":"10:48PM","date":"2018/11/11","localtime":1541976480},"estimated_arrival_time":{"epoch":1541999177,"tz":"CST","dow":"Sunday","time":"11:06PM","date":"2018/11/11","localtime":1541977577},"actual_arrival_time":{"epoch":1541998874,"tz":"CST","dow":"Sunday","time":"11:01PM","date":"2018/11/11","localtime":1541977274},"arrival_delay":794,"status":"Arrived","progress_percent":100,"aircrafttype":"BE20","full_aircrafttype":"BE20","adhoc":false},{"ident":"SKW4810","faFlightID":"SKW4810-1541744763-airline-0087","airline":"SKW","airline_iata":"OO","flightnumber":"4810","tailnumber":"N800SK","type":"Form_Airline","codeshares":"VIR2501,WJA6485,KLM7128,AFR2368,DAL4810","blocked":false,"diverted":false,"cancelled":false,"origin":{"code":"KMSP","city":"Minneapolis, MN","alternate_ident":"","airport_name":"Minneapolis/St Paul Intl"},"destination":{"code":"CYXE","city":"Saskatoon, Saskatchewan","alternate_ident":"","airport_name":"Saskatoon Int'l"},"filed_ete":6660,"route":"KBREW1 FAR AMUNA DUNEM4","filed_altitude":340,"display_filed_altitude":"34,000 feet","filed_airspeed_kts":444,"distance_filed":852,"filed_departure_time":{"epoch":1541989800,"tz":"CST","dow":"Sunday","time":"08:30PM","date":"2018/11/11","localtime":1541968200},"estimated_departure_time":{"epoch":1541991688,"tz":"CST","dow":"Sunday","time":"09:01PM","date":"2018/11/11","localtime":1541970088},"actual_departure_time":{"epoch":1541991688,"tz":"CST","dow":"Sunday","time":"09:01PM","date":"2018/11/11","localtime":1541970088},"departure_delay":-180,"filed_arrival_time":{"epoch":1541996460,"tz":"CST","dow":"Sunday","time":"10:21PM","date":"2018/11/11","localtime":1541974860},"estimated_arrival_time":{"epoch":1541998414,"tz":"CST","dow":"Sunday","time":"10:53PM","date":"2018/11/11","localtime":1541976814},"actual_arrival_time":{"epoch":1541998414,"tz":"CST","dow":"Sunday","time":"10:53PM","date":"2018/11/11","localtime":1541976814},"arrival_delay":0,"status":"Arrived / Gate Arrival","progress_percent":100,"aircrafttype":"CRJ9","full_aircrafttype":"CRJ9","inbound_faFlightID":"SKW3748-1541744763-airline-0195","adhoc":false},{"ident":"WJA452","faFlightID":"WJA452-1541744772-airline-0176","airline":"WJA","airline_iata":"WS","flightnumber":"452","tailnumber":"C-GVWJ","type":"Form_Airline","blocked":false,"diverted":false,"cancelled":false,"origin":{"code":"CYYC","city":"Calgary, Alberta","alternate_ident":"","airport_name":"Calgary Int'l"},"destination":{"code":"CYXE","city":"Saskatoon, Saskatchewan","alternate_ident":"","airport_name":"Saskatoon Int'l"},"filed_ete":2640,"route":"LOMLO Q979 IMOTA MAVOB MAVOB4","filed_altitude":390,"display_filed_altitude":"39,000 feet","filed_airspeed_kts":424,"distance_filed":379,"filed_departure_time":{"epoch":1541993700,"tz":"MST","dow":"Sunday","time":"08:35PM","date":"2018/11/11","localtime":1541968500},"estimated_departure_time":{"epoch":1541994009,"tz":"MST","dow":"Sunday","time":"08:40PM","date":"2018/11/11","localtime":1541968809},"actual_departure_time":{"epoch":1541994009,"tz":"MST","dow":"Sunday","time":"08:40PM","date":"2018/11/11","localtime":1541968809},"departure_delay":-840,"filed_arrival_time":{"epoch":1541996340,"tz":"CST","dow":"Sunday","time":"10:19PM","date":"2018/11/11","localtime":1541974740},"estimated_arrival_time":{"epoch":1541997233,"tz":"CST","dow":"Sunday","time":"10:33PM","date":"2018/11/11","localtime":1541975633},"actual_arrival_time":{"epoch":1541997233,"tz":"CST","dow":"Sunday","time":"10:33PM","date":"2018/11/11","localtime":1541975633},"arrival_delay":-300,"status":"Arrived / Gate Arrival","progress_percent":100,"aircrafttype":"B737","full_aircrafttype":"B737","adhoc":false},{"ident":"WJA323","faFlightID":"WJA323-1541744772-airline-0475","airline":"WJA","airline_iata":"WS","flightnumber":"323","tailnumber":"C-GWBJ","type":"Form_Airline","codeshares":"UAE4695,KLM9774,DAL7156,CSN4469,AFR6572,CHH8758","blocked":false,"diverted":false,"cancelled":false,"origin":{"code":"CYYZ","city":"Toronto, Ontario","alternate_ident":"","airport_name":"Toronto Pearson Int'l"},"destination":{"code":"CYXE","city":"Saskatoon, Saskatchewan","alternate_ident":"","airport_name":"Saskatoon Int'l"},"filed_ete":11220,"route":"AVSEP4 ROTMA YQT XOVON PENPI DUNEM4","filed_altitude":380,"display_filed_altitude":"38,000 feet","filed_airspeed_kts":446,"distance_filed":1402,"filed_departure_time":{"epoch":1541985000,"tz":"EST","dow":"Sunday","time":"08:10PM","date":"2018/11/11","localtime":1541967000},"estimated_departure_time":{"epoch":1541984974,"tz":"EST","dow":"Sunday","time":"08:09PM","date":"2018/11/11","localtime":1541966974},"actual_departure_time":{"epoch":1541984880,"tz":"EST","dow":"Sunday","time":"08:08PM","date":"2018/11/11","localtime":1541966880},"departure_delay":-300,"filed_arrival_time":{"epoch":1541996220,"tz":"CST","dow":"Sunday","time":"10:17PM","date":"2018/11/11","localtime":1541974620},"estimated_arrival_time":{"epoch":1541996279,"tz":"CST","dow":"Sunday","time":"10:17PM","date":"2018/11/11","localtime":1541974679},"actual_arrival_time":{"epoch":1541996279,"tz":"CST","dow":"Sunday","time":"10:17PM","date":"2018/11/11","localtime":1541974679},"arrival_delay":-900,"status":"Arrived / Gate Arrival","progress_percent":100,"aircrafttype":"B737","full_aircrafttype":"B737","adhoc":false}]},"departures":{"num_flights":15,"next_offset":15,"flights":[{"ident":"WJA607","faFlightID":"WJA607-1541831156-airline-0000","airline":"WJA","airline_iata":"WS","flightnumber":"607","tailnumber":"C-GWBJ","type":"Form_Airline","codeshares":"CHH8381,DAL7113","blocked":false,"diverted":false,"cancelled":false,"origin":{"code":"CYXE","city":"Saskatoon, Saskatchewan","alternate_ident":"","airport_name":"Saskatoon Int'l"},"destination":{"code":"CYYC","city":"Calgary, Alberta","alternate_ident":"","airport_name":"Calgary Int'l"},"filed_ete":3120,"route":"OVATA BORIX UDPAV BIRKO BIRKO3","filed_altitude":380,"display_filed_altitude":"38,000 feet","filed_airspeed_kts":427,"distance_filed":365,"filed_departure_time":{"epoch":1542035400,"tz":"CST","dow":"Monday","time":"09:10AM","date":"2018/11/12","localtime":1542013800},"estimated_departure_time":{"epoch":1542038160,"tz":"CST","dow":"Monday","time":"09:56AM","date":"2018/11/12","localtime":1542016560},"actual_departure_time":{"epoch":1542038160,"tz":"CST","dow":"Monday","time":"09:56AM","date":"2018/11/12","localtime":1542016560},"departure_delay":2220,"filed_arrival_time":{"epoch":1542038520,"tz":"MST","dow":"Monday","time":"09:02AM","date":"2018/11/12","localtime":1542013320},"estimated_arrival_time":{"epoch":1542041426,"tz":"MST","dow":"Monday","time":"09:50AM","date":"2018/11/12","localtime":1542016226},"actual_arrival_time":{"epoch":0},"arrival_delay":2520,"status":"On The Way! / Delayed","progress_percent":94,"aircrafttype":"B737","full_aircrafttype":"B737","adhoc":false},{"ident":"JZA8292","atc_ident":"JZA292","faFlightID":"JZA8292-1541831142-airline-0358","airline":"JZA","airline_iata":"QK","flightnumber":"8292","tailnumber":"C-FSOU","type":"Form_Airline","blocked":false,"diverted":false,"cancelled":false,"origin":{"code":"CYXE","city":"Saskatoon, Saskatchewan","alternate_ident":"","airport_name":"Saskatoon Int'l"},"destination":{"code":"CYWG","city":"Winnipeg, Manitoba","alternate_ident":"","airport_name":"Winnipeg Int'l"},"filed_ete":4800,"route":"YXE J515 VLR AMBIL2","filed_altitude":250,"display_filed_altitude":"25,000 feet","filed_airspeed_kts":265,"distance_filed":440,"filed_departure_time":{"epoch":1542037200,"tz":"CST","dow":"Monday","time":"09:40AM","date":"2018/11/12","localtime":1542015600},"estimated_departure_time":{"epoch":1542036660,"tz":"CST","dow":"Monday","time":"09:31AM","date":"2018/11/12","localtime":1542015060},"actual_departure_time":{"epoch":1542036660,"tz":"CST","dow":"Monday","time":"09:31AM","date":"2018/11/12","localtime":1542015060},"departure_delay":-420,"filed_arrival_time":{"epoch":1542042000,"tz":"CST","dow":"Monday","time":"11:00AM","date":"2018/11/12","localtime":1542020400},"estimated_arrival_time":{"epoch":1542041700,"tz":"CST","dow":"Monday","time":"10:55AM","date":"2018/11/12","localtime":1542020100},"actual_arrival_time":{"epoch":0},"arrival_delay":-300,"status":"On The Way! / On Time","progress_percent":90,"aircrafttype":"DH8C","full_aircrafttype":"DH8C","adhoc":false},{"ident":"C-FSEW","faFlightID":"CFSEW-1542034626-0-0-48","tailnumber":"C-FSEW","type":"General_Aviation","blocked":false,"diverted":false,"cancelled":false,"origin":{"code":"CYXE","city":"Saskatoon, Saskatchewan","alternate_ident":"","airport_name":"Saskatoon Int'l"},"destination":{"code":"CYPA","city":"Prince Albert, Saskatchewan","alternate_ident":"","airport_name":"Prince Albert (Glass Field)"},"filed_ete":1200,"filed_altitude":90,"display_filed_altitude":"9,000 feet","filed_airspeed_kts":280,"distance_filed":95,"filed_departure_time":{"epoch":1542036600,"tz":"CST","dow":"Monday","time":"09:30AM","date":"2018/11/12","localtime":1542015000},"estimated_departure_time":{"epoch":1542036480,"tz":"CST","dow":"Monday","time":"09:28AM","date":"2018/11/12","localtime":1542014880},"actual_departure_time":{"epoch":1542036480,"tz":"CST","dow":"Monday","time":"09:28AM","date":"2018/11/12","localtime":1542014880},"departure_delay":-120,"filed_arrival_time":{"epoch":1542037800,"tz":"CST","dow":"Monday","time":"09:50AM","date":"2018/11/12","localtime":1542016200},"estimated_arrival_time":{"epoch":1542037831,"tz":"CST","dow":"Monday","time":"09:50AM","date":"2018/11/12","localtime":1542016231},"actual_arrival_time":{"epoch":1542037920,"tz":"CST","dow":"Monday","time":"09:52AM","date":"2018/11/12","localtime":1542016320},"arrival_delay":120,"status":"Arrived","progress_percent":100,"aircrafttype":"BE30","full_aircrafttype":"BE30","adhoc":false},{"ident":"WJA2422","faFlightID":"WJA2422-1541831156-airline-0577","airline":"WJA","airline_iata":"WS","flightnumber":"2422","tailnumber":"C-GVWJ","type":"Form_Airline","blocked":false,"diverted":false,"cancelled":false,"origin":{"code":"CYXE","city":"Saskatoon, Saskatchewan","alternate_ident":"","airport_name":"Saskatoon Int'l"},"destination":{"code":"MMUN","city":"Cancun, Quintana Roo","alternate_ident":"CUN","airport_name":"Cancun Int'l"},"filed_ete":18060,"route":"YMJ ISN HUTEP TUL SWB LEV L214 DAGGR L214 IRDOV UL214 NUDIS ITLOM UM782 VOMAR VOMAR1A","filed_altitude":330,"display_filed_altitude":"33,000 feet","filed_airspeed_kts":418,"distance_filed":2461,"filed_departure_time":{"epoch":1542036300,"tz":"CST","dow":"Monday","time":"09:25AM","date":"2018/11/12","localtime":1542014700},"estimated_departure_time":{"epoch":1542036269,"tz":"CST","dow":"Monday","time":"09:24AM","date":"2018/11/12","localtime":1542014669},"actual_departure_time":{"epoch":1542036269,"tz":"CST","dow":"Monday","time":"09:24AM","date":"2018/11/12","localtime":1542014669},"departure_delay":-780,"filed_arrival_time":{"epoch":1542054360,"tz":"EST","dow":"Monday","time":"03:26PM","date":"2018/11/12","localtime":1542036360},"estimated_arrival_time":{"epoch":1542054582,"tz":"EST","dow":"Monday","time":"03:29PM","date":"2018/11/12","localtime":1542036582},"actual_arrival_time":{"epoch":0},"arrival_delay":0,"status":"On The Way! / On Time","progress_percent":27,"aircrafttype":"B737","full_aircrafttype":"B737","adhoc":false},{"ident":"SLG3","faFlightID":"SLG3-1542030916-24-0-103","airline":"SLG","flightnumber":"3","type":"Form_Airline","blocked":false,"diverted":false,"cancelled":false,"origin":{"code":"CYXE","city":"Saskatoon, Saskatchewan","alternate_ident":"","airport_name":"Saskatoon Int'l"},"destination":{"code":"CYSF","city":"Stony Rapids, Saskatchewan","alternate_ident":"","airport_name":"Stony Rapids"},"filed_ete":7560,"filed_altitude":200,"display_filed_altitude":"20,000 feet","filed_airspeed_kts":270,"distance_filed":519,"filed_departure_time":{"epoch":1542032400,"tz":"CST","dow":"Monday","time":"08:20AM","date":"2018/11/12","localtime":1542010800},"estimated_departure_time":{"epoch":1542032400,"tz":"CST","dow":"Monday","time":"08:20AM","date":"2018/11/12","localtime":1542010800},"actual_departure_time":{"epoch":1542032400,"tz":"CST","dow":"Monday","time":"08:20AM","date":"2018/11/12","localtime":1542010800},"departure_delay":0,"filed_arrival_time":{"epoch":1542039960,"tz":"CST","dow":"Monday","time":"10:26AM","date":"2018/11/12","localtime":1542018360},"estimated_arrival_time":{"epoch":1542040699,"tz":"CST","dow":"Monday","time":"10:38AM","date":"2018/11/12","localtime":1542019099},"actual_arrival_time":{"epoch":1542040260,"tz":"CST","dow":"Monday","time":"10:31AM","date":"2018/11/12","localtime":1542018660},"arrival_delay":300,"status":"Arrived","progress_percent":100,"aircrafttype":"BE20","full_aircrafttype":"BE20","adhoc":false},{"ident":"WEW451","faFlightID":"WEW451-1542026869-11-0-133","airline":"WEW","flightnumber":"451","type":"Form_Airline","blocked":false,"diverted":false,"cancelled":false,"origin":{"code":"CYXE","city":"Saskatoon, Saskatchewan","alternate_ident":"","airport_name":"Saskatoon Int'l"},"destination":{"code":"CYPA","city":"Prince Albert, Saskatchewan","alternate_ident":"","airport_name":"Prince Albert (Glass Field)"},"filed_ete":1320,"filed_altitude":110,"display_filed_altitude":"11,000 feet","filed_airspeed_kts":260,"distance_filed":101,"filed_departure_time":{"epoch":1542030600,"tz":"CST","dow":"Monday","time":"07:50AM","date":"2018/11/12","localtime":1542009000},"estimated_departure_time":{"epoch":1542031560,"tz":"CST","dow":"Monday","time":"08:06AM","date":"2018/11/12","localtime":1542009960},"actual_departure_time":{"epoch":1542031560,"tz":"CST","dow":"Monday","time":"08:06AM","date":"2018/11/12","localtime":1542009960},"departure_delay":960,"filed_arrival_time":{"epoch":1542031920,"tz":"CST","dow":"Monday","time":"08:12AM","date":"2018/11/12","localtime":1542010320},"estimated_arrival_time":{"epoch":1542033114,"tz":"CST","dow":"Monday","time":"08:31AM","date":"2018/11/12","localtime":1542011514},"actual_arrival_time":{"epoch":1542033300,"tz":"CST","dow":"Monday","time":"08:35AM","date":"2018/11/12","localtime":1542011700},"arrival_delay":1380,"status":"Arrived","progress_percent":100,"aircrafttype":"AT43","full_aircrafttype":"AT43","adhoc":false},{"ident":"JZA8583","atc_ident":"JZA583","faFlightID":"JZA8583-1541831154-airline-0310","airline":"JZA","airline_iata":"QK","flightnumber":"8583","tailnumber":"C-GGOK","type":"Form_Airline","blocked":false,"diverted":false,"cancelled":false,"origin":{"code":"CYXE","city":"Saskatoon, Saskatchewan","alternate_ident":"","airport_name":"Saskatoon Int'l"},"destination":{"code":"CYYC","city":"Calgary, Alberta","alternate_ident":"","airport_name":"Calgary Int'l"},"filed_ete":3360,"route":"OVATA BORIX BIRKO BIRKO3","filed_altitude":240,"display_filed_altitude":"24,000 feet","filed_airspeed_kts":306,"distance_filed":371,"filed_departure_time":{"epoch":1542031800,"tz":"CST","dow":"Monday","time":"08:10AM","date":"2018/11/12","localtime":1542010200},"estimated_departure_time":{"epoch":1542031140,"tz":"CST","dow":"Monday","time":"07:59AM","date":"2018/11/12","localtime":1542009540},"actual_departure_time":{"epoch":1542031140,"tz":"CST","dow":"Monday","time":"07:59AM","date":"2018/11/12","localtime":1542009540},"departure_delay":-540,"filed_arrival_time":{"epoch":1542035160,"tz":"MST","dow":"Monday","time":"08:06AM","date":"2018/11/12","localtime":1542009960},"estimated_arrival_time":{"epoch":1542035444,"tz":"MST","dow":"Monday","time":"08:10AM","date":"2018/11/12","localtime":1542010244},"actual_arrival_time":{"epoch":1542035400,"tz":"MST","dow":"Monday","time":"08:10AM","date":"2018/11/12","localtime":1542010200},"arrival_delay":240,"status":"Arrived / Gate Arrival","progress_percent":100,"aircrafttype":"DH8D","full_aircrafttype":"DH8D","adhoc":false},{"ident":"WEW452","faFlightID":"WEW452-1542026869-3-0-134","airline":"WEW","flightnumber":"452","type":"Form_Airline","blocked":false,"diverted":false,"cancelled":false,"origin":{"code":"CYXE","city":"Saskatoon, Saskatchewan","alternate_ident":"","airport_name":"Saskatoon Int'l"},"destination":{"code":"CYVT","city":"Buffalo Narrows, Saskatchewan","alternate_ident":"","airport_name":"Buffalo Narrows"},"filed_ete":3960,"filed_altitude":160,"display_filed_altitude":"16,000 feet","filed_airspeed_kts":260,"distance_filed":263,"filed_departure_time":{"epoch":1542030600,"tz":"CST","dow":"Monday","time":"07:50AM","date":"2018/11/12","localtime":1542009000},"estimated_departure_time":{"epoch":1542030660,"tz":"CST","dow":"Monday","time":"07:51AM","date":"2018/11/12","localtime":1542009060},"actual_departure_time":{"epoch":1542030660,"tz":"CST","dow":"Monday","time":"07:51AM","date":"2018/11/12","localtime":1542009060},"departure_delay":60,"filed_arrival_time":{"epoch":1542034560,"tz":"CST","dow":"Monday","time":"08:56AM","date":"2018/11/12","localtime":1542012960},"estimated_arrival_time":{"epoch":1542034641,"tz":"CST","dow":"Monday","time":"08:57AM","date":"2018/11/12","localtime":1542013041},"actual_arrival_time":{"epoch":1542034860,"tz":"CST","dow":"Monday","time":"09:01AM","date":"2018/11/12","localtime":1542013260},"arrival_delay":300,"status":"Arrived","progress_percent":100,"aircrafttype":"AT43","full_aircrafttype":"AT43","adhoc":false},{"ident":"WJA506","faFlightID":"WJA506-1541831156-airline-0112","airline":"WJA","airline_iata":"WS","flightnumber":"506","tailnumber":"C-FWSE","type":"Form_Airline","codeshares":"CHH8759,AFR6575,UAE4696,DAL7155,KLM9765","blocked":false,"diverted":false,"cancelled":false,"origin":{"code":"CYXE","city":"Saskatoon, Saskatchewan","alternate_ident":"","airport_name":"Saskatoon Int'l"},"destination":{"code":"CYYZ","city":"Toronto, Ontario","alternate_ident":"","airport_name":"Toronto Pearson Int'l"},"filed_ete":10140,"route":"YXE J515 YWG VBI J500 YQT OTNIK BOXUM3","filed_altitude":370,"display_filed_altitude":"37,000 feet","filed_airspeed_kts":444,"distance_filed":1440,"filed_departure_time":{"epoch":1542028200,"tz":"CST","dow":"Monday","time":"07:10AM","date":"2018/11/12","localtime":1542006600},"estimated_departure_time":{"epoch":1542030157,"tz":"CST","dow":"Monday","time":"07:42AM","date":"2018/11/12","localtime":1542008557},"actual_departure_time":{"epoch":1542030157,"tz":"CST","dow":"Monday","time":"07:42AM","date":"2018/11/12","localtime":1542008557},"departure_delay":240,"filed_arrival_time":{"epoch":1542038340,"tz":"EST","dow":"Monday","time":"10:59AM","date":"2018/11/12","localtime":1542020340},"estimated_arrival_time":{"epoch":1542039712,"tz":"EST","dow":"Monday","time":"11:21AM","date":"2018/11/12","localtime":1542021712},"actual_arrival_time":{"epoch":1542039712,"tz":"EST","dow":"Monday","time":"11:21AM","date":"2018/11/12","localtime":1542021712},"arrival_delay":-360,"status":"Arrived / Gate Arrival","progress_percent":100,"aircrafttype":"B738","full_aircrafttype":"B738","adhoc":false},{"ident":"WEN3209","faFlightID":"WEN3209-1541831156-airline-0565","airline":"WEN","airline_iata":"WR","flightnumber":"3209","tailnumber":"C-GLWJ","type":"Form_Airline","codeshares":"QFA3367,WJA3209","blocked":false,"diverted":false,"cancelled":false,"origin":{"code":"CYXE","city":"Saskatoon, Saskatchewan","alternate_ident":"","airport_name":"Saskatoon Int'l"},"destination":{"code":"CYEG","city":"Edmonton Capital Region, Alberta","alternate_ident":"","airport_name":"Edmonton Int'l"},"filed_ete":3120,"route":"YXE YWV CAMRA IGSOX2","filed_altitude":220,"display_filed_altitude":"22,000 feet","filed_airspeed_kts":355,"distance_filed":331,"filed_departure_time":{"epoch":1542028200,"tz":"CST","dow":"Monday","time":"07:10AM","date":"2018/11/12","localtime":1542006600},"estimated_departure_time":{"epoch":1542029747,"tz":"CST","dow":"Monday","time":"07:35AM","date":"2018/11/12","localtime":1542008147},"actual_departure_time":{"epoch":1542029747,"tz":"CST","dow":"Monday","time":"07:35AM","date":"2018/11/12","localtime":1542008147},"departure_delay":-540,"filed_arrival_time":{"epoch":1542031320,"tz":"MST","dow":"Monday","time":"07:02AM","date":"2018/11/12","localtime":1542006120},"estimated_arrival_time":{"epoch":1542033240,"tz":"MST","dow":"Monday","time":"07:34AM","date":"2018/11/12","localtime":1542008040},"actual_arrival_time":{"epoch":1542033240,"tz":"MST","dow":"Monday","time":"07:34AM","date":"2018/11/12","localtime":1542008040},"arrival_delay":0,"status":"Arrived / Gate Arrival","progress_percent":100,"aircrafttype":"DH8D","full_aircrafttype":"DH8D","adhoc":false},{"ident":"GT967","faFlightID":"GT967-1542027297-4-1-225","type":"General_Aviation","blocked":false,"diverted":false,"cancelled":false,"origin":{"code":"CYXE","city":"Saskatoon, Saskatchewan","alternate_ident":"","airport_name":"Saskatoon Int'l"},"destination":{"code":"CJT4","city":"","alternate_ident":"","airport_name":""},"filed_ete":3120,"filed_altitude":210,"display_filed_altitude":"21,000 feet","filed_airspeed_kts":275,"distance_filed":221,"filed_departure_time":{"epoch":1542029400,"tz":"CST","dow":"Monday","time":"07:30AM","date":"2018/11/12","localtime":1542007800},"estimated_departure_time":{"epoch":1542029520,"tz":"CST","dow":"Monday","time":"07:32AM","date":"2018/11/12","localtime":1542007920},"actual_departure_time":{"epoch":1542029520,"tz":"CST","dow":"Monday","time":"07:32AM","date":"2018/11/12","localtime":1542007920},"departure_delay":120,"filed_arrival_time":{"epoch":1542032520,"tz":"UTC","dow":"Monday","time":"02:22PM","date":"2018/11/12","localtime":1542032520},"estimated_arrival_time":{"epoch":1542032669,"tz":"UTC","dow":"Monday","time":"02:24PM","date":"2018/11/12","localtime":1542032669},"actual_arrival_time":{"epoch":1542032940,"tz":"UTC","dow":"Monday","time":"02:29PM","date":"2018/11/12","localtime":1542032940},"arrival_delay":420,"status":"Arrived","progress_percent":100,"aircrafttype":"BE20","full_aircrafttype":"BE20","adhoc":false},{"ident":"JZA8577","atc_ident":"JZA577","faFlightID":"JZA8577-1541831151-airline-0055","airline":"JZA","airline_iata":"QK","flightnumber":"8577","tailnumber":"C-FCJZ","type":"Form_Airline","blocked":false,"diverted":false,"cancelled":false,"origin":{"code":"CYXE","city":"Saskatoon, Saskatchewan","alternate_ident":"","airport_name":"Saskatoon Int'l"},"destination":{"code":"CYVR","city":"Vancouver, British Columbia","alternate_ident":"","airport_name":"Vancouver Int'l"},"filed_ete":6240,"route":"OVATA BORIX SPRAE BOOTH CANUC4","filed_altitude":360,"display_filed_altitude":"36,000 feet","filed_airspeed_kts":441,"distance_filed":785,"filed_departure_time":{"epoch":1542029100,"tz":"CST","dow":"Monday","time":"07:25AM","date":"2018/11/12","localtime":1542007500},"estimated_departure_time":{"epoch":1542029380,"tz":"CST","dow":"Monday","time":"07:29AM","date":"2018/11/12","localtime":1542007780},"actual_departure_time":{"epoch":1542029380,"tz":"CST","dow":"Monday","time":"07:29AM","date":"2018/11/12","localtime":1542007780},"departure_delay":-60,"filed_arrival_time":{"epoch":1542035340,"tz":"PST","dow":"Monday","time":"07:09AM","date":"2018/11/12","localtime":1542006540},"estimated_arrival_time":{"epoch":1542035632,"tz":"PST","dow":"Monday","time":"07:13AM","date":"2018/11/12","localtime":1542006832},"actual_arrival_time":{"epoch":1542035414,"tz":"PST","dow":"Monday","time":"07:10AM","date":"2018/11/12","localtime":1542006614},"arrival_delay":74,"status":"Arrived / Gate Arrival","progress_percent":100,"aircrafttype":"CRJ9","full_aircrafttype":"CRJ9","adhoc":false},{"ident":"C-GTWG","faFlightID":"CGTWG-1542025683-1-0-4","tailnumber":"C-GTWG","type":"General_Aviation","blocked":false,"diverted":false,"cancelled":false,"origin":{"code":"CYXE","city":"Saskatoon, Saskatchewan","alternate_ident":"","airport_name":"Saskatoon Int'l"},"destination":{"code":"CYPA","city":"Prince Albert, Saskatchewan","alternate_ident":"","airport_name":"Prince Albert (Glass Field)"},"filed_ete":1380,"filed_altitude":110,"display_filed_altitude":"11,000 feet","filed_airspeed_kts":275,"distance_filed":93,"filed_departure_time":{"epoch":1542027600,"tz":"CST","dow":"Monday","time":"07:00AM","date":"2018/11/12","localtime":1542006000},"estimated_departure_time":{"epoch":1542028200,"tz":"CST","dow":"Monday","time":"07:10AM","date":"2018/11/12","localtime":1542006600},"actual_departure_time":{"epoch":1542028200,"tz":"CST","dow":"Monday","time":"07:10AM","date":"2018/11/12","localtime":1542006600},"departure_delay":600,"filed_arrival_time":{"epoch":1542028980,"tz":"CST","dow":"Monday","time":"07:23AM","date":"2018/11/12","localtime":1542007380},"estimated_arrival_time":{"epoch":1542029820,"tz":"CST","dow":"Monday","time":"07:37AM","date":"2018/11/12","localtime":1542008220},"actual_arrival_time":{"epoch":1542029880,"tz":"CST","dow":"Monday","time":"07:38AM","date":"2018/11/12","localtime":1542008280},"arrival_delay":900,"status":"Arrived","progress_percent":100,"aircrafttype":"B190","full_aircrafttype":"B190","adhoc":false},{"ident":"WEW441","faFlightID":"WEW441-1542024802-1-0-124","airline":"WEW","flightnumber":"441","type":"Form_Airline","blocked":false,"diverted":false,"cancelled":false,"origin":{"code":"CYXE","city":"Saskatoon, Saskatchewan","alternate_ident":"","airport_name":"Saskatoon Int'l"},"destination":{"code":"CYPA","city":"Prince Albert, Saskatchewan","alternate_ident":"","airport_name":"Prince Albert (Glass Field)"},"filed_ete":1320,"filed_altitude":110,"display_filed_altitude":"11,000 feet","filed_airspeed_kts":260,"distance_filed":84,"filed_departure_time":{"epoch":1542027600,"tz":"CST","dow":"Monday","time":"07:00AM","date":"2018/11/12","localtime":1542006000},"estimated_departure_time":{"epoch":1542028020,"tz":"CST","dow":"Monday","time":"07:07AM","date":"2018/11/12","localtime":1542006420},"actual_departure_time":{"epoch":1542028020,"tz":"CST","dow":"Monday","time":"07:07AM","date":"2018/11/12","localtime":1542006420},"departure_delay":420,"filed_arrival_time":{"epoch":1542028920,"tz":"CST","dow":"Monday","time":"07:22AM","date":"2018/11/12","localtime":1542007320},"estimated_arrival_time":{"epoch":1542029352,"tz":"CST","dow":"Monday","time":"07:29AM","date":"2018/11/12","localtime":1542007752},"actual_arrival_time":{"epoch":1542029700,"tz":"CST","dow":"Monday","time":"07:35AM","date":"2018/11/12","localtime":1542008100},"arrival_delay":780,"status":"Arrived","progress_percent":100,"aircrafttype":"AT43","full_aircrafttype":"AT43","adhoc":false},{"ident":"ACA1120","faFlightID":"ACA1120-1541831141-airline-0226","airline":"ACA","airline_iata":"AC","flightnumber":"1120","tailnumber":"C-FHOS","type":"Form_Airline","codeshares":"CPA1625,AVA6973,UAL8630","blocked":false,"diverted":false,"cancelled":false,"origin":{"code":"CYXE","city":"Saskatoon, Saskatchewan","alternate_ident":"","airport_name":"Saskatoon Int'l"},"destination":{"code":"CYYZ","city":"Toronto, Ontario","alternate_ident":"","airport_name":"Toronto Pearson Int'l"},"filed_ete":10140,"route":"YQV J515 VLR J500 YQT OTNIK BOXUM3","filed_altitude":370,"display_filed_altitude":"37,000 feet","filed_airspeed_kts":454,"distance_filed":1449,"filed_departure_time":{"epoch":1542027000,"tz":"CST","dow":"Monday","time":"06:50AM","date":"2018/11/12","localtime":1542005400},"estimated_departure_time":{"epoch":1542027060,"tz":"CST","dow":"Monday","time":"06:51AM","date":"2018/11/12","localtime":1542005460},"actual_departure_time":{"epoch":1542027840,"tz":"CST","dow":"Monday","time":"07:04AM","date":"2018/11/12","localtime":1542006240},"departure_delay":60,"filed_arrival_time":{"epoch":1542037140,"tz":"EST","dow":"Monday","time":"10:39AM","date":"2018/11/12","localtime":1542019140},"estimated_arrival_time":{"epoch":1542037440,"tz":"EST","dow":"Monday","time":"10:44AM","date":"2018/11/12","localtime":1542019440},"actual_arrival_time":{"epoch":1542037440,"tz":"EST","dow":"Monday","time":"10:44AM","date":"2018/11/12","localtime":1542019440},"arrival_delay":300,"status":"Arrived / Gate Arrival","progress_percent":100,"aircrafttype":"E190","full_aircrafttype":"E190","adhoc":false}]},"enroute":{"num_flights":15,"next_offset":15,"flights":[{"ident":"WEN3226","faFlightID":"WEN3226-1541831156-airline-0230","airline":"WEN","airline_iata":"WR","flightnumber":"3226","tailnumber":"C-GEWR","type":"Form_Airline","codeshares":"QFA3366,WJA3226","blocked":false,"diverted":false,"cancelled":false,"origin":{"code":"CYEG","city":"Edmonton Capital Region, Alberta","alternate_ident":"","airport_name":"Edmonton Int'l"},"destination":{"code":"CYXE","city":"Saskatoon, Saskatchewan","alternate_ident":"","airport_name":"Saskatoon Int'l"},"filed_ete":2580,"route":"RYLEY KEBRU KEBRU4","filed_altitude":250,"display_filed_altitude":"25,000 feet","filed_airspeed_kts":361,"distance_filed":329,"filed_departure_time":{"epoch":1542038700,"tz":"MST","dow":"Monday","time":"09:05AM","date":"2018/11/12","localtime":1542013500},"estimated_departure_time":{"epoch":1542038400,"tz":"MST","dow":"Monday","time":"09:00AM","date":"2018/11/12","localtime":1542013200},"actual_departure_time":{"epoch":1542038340,"tz":"MST","dow":"Monday","time":"08:59AM","date":"2018/11/12","localtime":1542013140},"departure_delay":-120,"filed_arrival_time":{"epoch":1542041280,"tz":"CST","dow":"Monday","time":"10:48AM","date":"2018/11/12","localtime":1542019680},"estimated_arrival_time":{"epoch":1542041728,"tz":"CST","dow":"Monday","time":"10:55AM","date":"2018/11/12","localtime":1542020128},"actual_arrival_time":{"epoch":0},"arrival_delay":0,"status":"On The Way! / On Time","progress_percent":85,"aircrafttype":"DH8D","full_aircrafttype":"DH8D","adhoc":false},{"ident":"WEW441","faFlightID":"WEW441-1542024862-0-0-124","airline":"WEW","flightnumber":"441","type":"Form_Airline","blocked":false,"diverted":false,"cancelled":false,"origin":{"code":"CYPA","city":"Prince Albert, Saskatchewan","alternate_ident":"","airport_name":"Prince Albert (Glass Field)"},"destination":{"code":"CYXE","city":"Saskatoon, Saskatchewan","alternate_ident":"","airport_name":"Saskatoon Int'l"},"filed_ete":1200,"filed_altitude":100,"display_filed_altitude":"10,000 feet","filed_airspeed_kts":260,"distance_filed":84,"filed_departure_time":{"epoch":1542030600,"tz":"CST","dow":"Monday","time":"07:50AM","date":"2018/11/12","localtime":1542009000},"estimated_departure_time":{"epoch":1542045900,"tz":"CST","dow":"Monday","time":"12:05PM","date":"2018/11/12","localtime":1542024300},"actual_departure_time":{"epoch":0},"filed_arrival_time":{"epoch":1542031800,"tz":"CST","dow":"Monday","time":"08:10AM","date":"2018/11/12","localtime":1542010200},"estimated_arrival_time":{"epoch":1542047126,"tz":"CST","dow":"Monday","time":"12:25PM","date":"2018/11/12","localtime":1542025526},"actual_arrival_time":{"epoch":0},"arrival_delay":15326,"status":"Delayed","progress_percent":-1,"aircrafttype":"AT43","full_aircrafttype":"AT43","adhoc":false},{"ident":"WEN3368","faFlightID":"WEN3368-1541831156-airline-0006","airline":"WEN","airline_iata":"WR","flightnumber":"3368","tailnumber":"C-GWEN","type":"Form_Airline","codeshares":"WJA3368","blocked":false,"diverted":false,"cancelled":false,"origin":{"code":"CYYC","city":"Calgary, Alberta","alternate_ident":"","airport_name":"Calgary Int'l"},"destination":{"code":"CYXE","city":"Saskatoon, Saskatchewan","alternate_ident":"","airport_name":"Saskatoon Int'l"},"filed_ete":3540,"route":"VETBI Q967 IMOTA MAVOB MAVOB4","filed_altitude":230,"display_filed_altitude":"23,000 feet","filed_airspeed_kts":347,"distance_filed":337,"filed_departure_time":{"epoch":1542043500,"tz":"MST","dow":"Monday","time":"10:25AM","date":"2018/11/12","localtime":1542018300},"estimated_departure_time":{"epoch":1542043800,"tz":"MST","dow":"Monday","time":"10:30AM","date":"2018/11/12","localtime":1542018600},"actual_departure_time":{"epoch":0},"filed_arrival_time":{"epoch":1542047040,"tz":"CST","dow":"Monday","time":"12:24PM","date":"2018/11/12","localtime":1542025440},"estimated_arrival_time":{"epoch":1542047340,"tz":"CST","dow":"Monday","time":"12:29PM","date":"2018/11/12","localtime":1542025740},"actual_arrival_time":{"epoch":0},"arrival_delay":-60,"status":"Scheduled","progress_percent":-1,"aircrafttype":"DH8D","full_aircrafttype":"DH8D","adhoc":false},{"ident":"SKW4820","faFlightID":"SKW4820-1541831156-airline-0229","airline":"SKW","airline_iata":"OO","flightnumber":"4820","tailnumber":"N809SK","type":"Form_Airline","codeshares":"WJA6483,DAL4820","blocked":false,"diverted":false,"cancelled":false,"origin":{"code":"KMSP","city":"Minneapolis, MN","alternate_ident":"","airport_name":"Minneapolis/St Paul Intl"},"destination":{"code":"CYXE","city":"Saskatoon, Saskatchewan","alternate_ident":"","airport_name":"Saskatoon Int'l"},"filed_ete":6960,"route":"KBREW1 FAR AMUNA DUNEM4","filed_altitude":360,"display_filed_altitude":"36,000 feet","filed_airspeed_kts":448,"distance_filed":827,"filed_departure_time":{"epoch":1542043800,"tz":"CST","dow":"Monday","time":"11:30AM","date":"2018/11/12","localtime":1542022200},"estimated_departure_time":{"epoch":1542043200,"tz":"CST","dow":"Monday","time":"11:20AM","date":"2018/11/12","localtime":1542021600},"actual_departure_time":{"epoch":0},"filed_arrival_time":{"epoch":1542050760,"tz":"CST","dow":"Monday","time":"01:26PM","date":"2018/11/12","localtime":1542029160},"estimated_arrival_time":{"epoch":1542050160,"tz":"CST","dow":"Monday","time":"01:16PM","date":"2018/11/12","localtime":1542028560},"actual_arrival_time":{"epoch":0},"arrival_delay":-480,"status":"Scheduled","progress_percent":-1,"aircrafttype":"CRJ9","full_aircrafttype":"CRJ9","inbound_faFlightID":"SKW4150-1541831145-airline-0258","adhoc":false},{"ident":"GT967","faFlightID":"GT967-1542027384-8-0-225","type":"General_Aviation","blocked":false,"diverted":false,"cancelled":false,"origin":{"code":"CJT4","city":"","alternate_ident":"","airport_name":""},"destination":{"code":"CYXE","city":"Saskatoon, Saskatchewan","alternate_ident":"","airport_name":"Saskatoon Int'l"},"filed_ete":2940,"filed_altitude":220,"display_filed_altitude":"22,000 feet","filed_airspeed_kts":275,"distance_filed":221,"filed_departure_time":{"epoch":1542033300,"tz":"UTC","dow":"Monday","time":"02:35PM","date":"2018/11/12","localtime":1542033300},"estimated_departure_time":{"epoch":1542047400,"tz":"UTC","dow":"Monday","time":"06:30PM","date":"2018/11/12","localtime":1542047400},"actual_departure_time":{"epoch":0},"filed_arrival_time":{"epoch":1542036240,"tz":"CST","dow":"Monday","time":"09:24AM","date":"2018/11/12","localtime":1542014640},"estimated_arrival_time":{"epoch":1542050389,"tz":"CST","dow":"Monday","time":"01:19PM","date":"2018/11/12","localtime":1542028789},"actual_arrival_time":{"epoch":0},"arrival_delay":14149,"status":"Delayed","progress_percent":-1,"aircrafttype":"BE20","full_aircrafttype":"BE20","adhoc":false},{"ident":"EDV9178","faFlightID":"EDV9178-1541960346-14-0-80","airline":"EDV","airline_iata":"9E","flightnumber":"9178","type":"Form_Airline","blocked":false,"diverted":false,"cancelled":false,"origin":{"code":"KMSP","city":"Minneapolis, MN","alternate_ident":"","airport_name":"Minneapolis/St Paul Intl"},"destination":{"code":"CYXE","city":"Saskatoon, Saskatchewan","alternate_ident":"","airport_name":"Saskatoon Int'l"},"filed_ete":16200,"route":"KBREW1 FAR DVL YDR DUNEM DUNEM4","filed_altitude":340,"display_filed_altitude":"34,000 feet","filed_airspeed_kts":446,"distance_filed":826,"filed_departure_time":{"epoch":1542034800,"tz":"CST","dow":"Monday","time":"09:00AM","date":"2018/11/12","localtime":1542013200},"estimated_departure_time":{"epoch":1542034800,"tz":"CST","dow":"Monday","time":"09:00AM","date":"2018/11/12","localtime":1542013200},"actual_departure_time":{"epoch":0},"filed_arrival_time":{"epoch":1542051000,"tz":"CST","dow":"Monday","time":"01:30PM","date":"2018/11/12","localtime":1542029400},"estimated_arrival_time":{"epoch":1542051000,"tz":"CST","dow":"Monday","time":"01:30PM","date":"2018/11/12","localtime":1542029400},"actual_arrival_time":{"epoch":0},"arrival_delay":7800,"status":"Delayed","progress_percent":-1,"aircrafttype":"CRJ9","full_aircrafttype":"CRJ9","adhoc":false},{"ident":"WEW451","faFlightID":"WEW451-1542026930-0-0-133","airline":"WEW","flightnumber":"451","type":"Form_Airline","blocked":false,"diverted":false,"cancelled":false,"origin":{"code":"CYPA","city":"Prince Albert, Saskatchewan","alternate_ident":"","airport_name":"Prince Albert (Glass Field)"},"destination":{"code":"CYXE","city":"Saskatoon, Saskatchewan","alternate_ident":"","airport_name":"Saskatoon Int'l"},"filed_ete":1200,"filed_altitude":100,"display_filed_altitude":"10,000 feet","filed_airspeed_kts":260,"distance_filed":84,"filed_departure_time":{"epoch":1542033600,"tz":"CST","dow":"Monday","time":"08:40AM","date":"2018/11/12","localtime":1542012000},"estimated_departure_time":{"epoch":1542050400,"tz":"CST","dow":"Monday","time":"01:20PM","date":"2018/11/12","localtime":1542028800},"actual_departure_time":{"epoch":0},"filed_arrival_time":{"epoch":1542034800,"tz":"CST","dow":"Monday","time":"09:00AM","date":"2018/11/12","localtime":1542013200},"estimated_arrival_time":{"epoch":1542051626,"tz":"CST","dow":"Monday","time":"01:40PM","date":"2018/11/12","localtime":1542030026},"actual_arrival_time":{"epoch":0},"arrival_delay":16826,"status":"Delayed","progress_percent":-1,"aircrafttype":"AT43","full_aircrafttype":"AT43","adhoc":false},{"ident":"SLG3","faFlightID":"SLG3-1542030975-2-0-103","airline":"SLG","flightnumber":"3","type":"Form_Airline","blocked":false,"diverted":false,"cancelled":false,"origin":{"code":"CZFD","city":"Fond-du-Lac, Saskatchewan","alternate_ident":"","airport_name":"Fond-du-Lac"},"destination":{"code":"CYXE","city":"Saskatoon, Saskatchewan","alternate_ident":"","airport_name":"Saskatoon Int'l"},"filed_ete":5460,"filed_altitude":250,"display_filed_altitude":"25,000 feet","filed_airspeed_kts":270,"distance_filed":496,"filed_departure_time":{"epoch":1542046500,"tz":"CST","dow":"Monday","time":"12:15PM","date":"2018/11/12","localtime":1542024900},"estimated_departure_time":{"epoch":1542047100,"tz":"CST","dow":"Monday","time":"12:25PM","date":"2018/11/12","localtime":1542025500},"actual_departure_time":{"epoch":0},"filed_arrival_time":{"epoch":1542051960,"tz":"CST","dow":"Monday","time":"01:46PM","date":"2018/11/12","localtime":1542030360},"estimated_arrival_time":{"epoch":1542052567,"tz":"CST","dow":"Monday","time":"01:56PM","date":"2018/11/12","localtime":1542030967},"actual_arrival_time":{"epoch":0},"arrival_delay":607,"status":"Scheduled","progress_percent":-1,"aircrafttype":"BE20","full_aircrafttype":"BE20","adhoc":false},{"ident":"WEW452","faFlightID":"WEW452-1542026930-9-0-134","airline":"WEW","flightnumber":"452","type":"Form_Airline","blocked":false,"diverted":false,"cancelled":false,"origin":{"code":"CYVT","city":"Buffalo Narrows, Saskatchewan","alternate_ident":"","airport_name":"Buffalo Narrows"},"destination":{"code":"CYXE","city":"Saskatoon, Saskatchewan","alternate_ident":"","airport_name":"Saskatoon Int'l"},"filed_ete":3120,"filed_altitude":150,"display_filed_altitude":"15,000 feet","filed_airspeed_kts":260,"distance_filed":263,"filed_departure_time":{"epoch":1542049500,"tz":"CST","dow":"Monday","time":"01:05PM","date":"2018/11/12","localtime":1542027900},"estimated_departure_time":{"epoch":1542050100,"tz":"CST","dow":"Monday","time":"01:15PM","date":"2018/11/12","localtime":1542028500},"actual_departure_time":{"epoch":0},"filed_arrival_time":{"epoch":1542052620,"tz":"CST","dow":"Monday","time":"01:57PM","date":"2018/11/12","localtime":1542031020},"estimated_arrival_time":{"epoch":1542053233,"tz":"CST","dow":"Monday","time":"02:07PM","date":"2018/11/12","localtime":1542031633},"actual_arrival_time":{"epoch":0},"arrival_delay":613,"status":"Scheduled","progress_percent":-1,"aircrafttype":"AT43","full_aircrafttype":"AT43","adhoc":false},{"ident":"JZA8582","atc_ident":"JZA582","faFlightID":"JZA8582-1541831142-airline-0465","airline":"JZA","airline_iata":"QK","flightnumber":"8582","tailnumber":"C-GGNY","type":"Form_Airline","blocked":false,"diverted":false,"cancelled":false,"origin":{"code":"CYYC","city":"Calgary, Alberta","alternate_ident":"","airport_name":"Calgary Int'l"},"destination":{"code":"CYXE","city":"Saskatoon, Saskatchewan","alternate_ident":"","airport_name":"Saskatoon Int'l"},"filed_ete":3300,"route":"VETBI Q967 GUDOG IMOTA MAVOB MAVOB4","filed_altitude":250,"display_filed_altitude":"25,000 feet","filed_airspeed_kts":302,"distance_filed":322,"filed_departure_time":{"epoch":1542051000,"tz":"MST","dow":"Monday","time":"12:30PM","date":"2018/11/12","localtime":1542025800},"estimated_departure_time":{"epoch":1542051000,"tz":"MST","dow":"Monday","time":"12:30PM","date":"2018/11/12","localtime":1542025800},"actual_departure_time":{"epoch":0},"filed_arrival_time":{"epoch":1542054300,"tz":"CST","dow":"Monday","time":"02:25PM","date":"2018/11/12","localtime":1542032700},"estimated_arrival_time":{"epoch":1542054300,"tz":"CST","dow":"Monday","time":"02:25PM","date":"2018/11/12","localtime":1542032700},"actual_arrival_time":{"epoch":0},"arrival_delay":0,"status":"Scheduled","progress_percent":-1,"aircrafttype":"DH8D","full_aircrafttype":"DH8D","adhoc":false},{"ident":"SLQ7721","faFlightID":"SLQ7721-1542025865-5-0-67","airline":"SLQ","flightnumber":"7721","type":"Form_Airline","blocked":false,"diverted":false,"cancelled":false,"origin":{"code":"CYWG","city":"Winnipeg, Manitoba","alternate_ident":"","airport_name":"Winnipeg Int'l"},"destination":{"code":"CYXE","city":"Saskatoon, Saskatchewan","alternate_ident":"","airport_name":"Saskatoon Int'l"},"filed_ete":6900,"route":"ALKOG DEPMI MUSKK DUNEM DUNEM4","filed_altitude":200,"display_filed_altitude":"20,000 feet","filed_airspeed_kts":250,"distance_filed":465,"filed_departure_time":{"epoch":1542047400,"tz":"CST","dow":"Monday","time":"12:30PM","date":"2018/11/12","localtime":1542025800},"estimated_departure_time":{"epoch":1542048000,"tz":"CST","dow":"Monday","time":"12:40PM","date":"2018/11/12","localtime":1542026400},"actual_departure_time":{"epoch":0},"filed_arrival_time":{"epoch":1542054300,"tz":"CST","dow":"Monday","time":"02:25PM","date":"2018/11/12","localtime":1542032700},"estimated_arrival_time":{"epoch":1542054952,"tz":"CST","dow":"Monday","time":"02:35PM","date":"2018/11/12","localtime":1542033352},"actual_arrival_time":{"epoch":0},"arrival_delay":652,"status":"Scheduled","progress_percent":-1,"aircrafttype":"B190","full_aircrafttype":"B190","adhoc":false},{"ident":"JZA8584","atc_ident":"JZA584","faFlightID":"JZA8584-1541831154-airline-0081","airline":"JZA","airline_iata":"QK","flightnumber":"8584","tailnumber":"C-GTAT","type":"Form_Airline","blocked":false,"diverted":false,"cancelled":false,"origin":{"code":"CYYC","city":"Calgary, Alberta","alternate_ident":"","airport_name":"Calgary Int'l"},"destination":{"code":"CYXE","city":"Saskatoon, Saskatchewan","alternate_ident":"","airport_name":"Saskatoon Int'l"},"filed_ete":3780,"route":"VETBI Q967 GUDOG IMOTA MAVOB MAVOB4","filed_altitude":250,"display_filed_altitude":"25,000 feet","filed_airspeed_kts":302,"distance_filed":322,"filed_departure_time":{"epoch":1542055500,"tz":"MST","dow":"Monday","time":"01:45PM","date":"2018/11/12","localtime":1542030300},"estimated_departure_time":{"epoch":1542055500,"tz":"MST","dow":"Monday","time":"01:45PM","date":"2018/11/12","localtime":1542030300},"actual_departure_time":{"epoch":0},"filed_arrival_time":{"epoch":1542059280,"tz":"CST","dow":"Monday","time":"03:48PM","date":"2018/11/12","localtime":1542037680},"estimated_arrival_time":{"epoch":1542059280,"tz":"CST","dow":"Monday","time":"03:48PM","date":"2018/11/12","localtime":1542037680},"actual_arrival_time":{"epoch":0},"arrival_delay":0,"status":"Scheduled","progress_percent":-1,"aircrafttype":"DH8C","full_aircrafttype":"DH8C","adhoc":false},{"ident":"WJA1325","faFlightID":"WJA1325-1541831156-airline-0510","airline":"WJA","airline_iata":"WS","flightnumber":"1325","tailnumber":"C-GWSZ","type":"Form_Airline","blocked":false,"diverted":false,"cancelled":false,"origin":{"code":"KPHX","city":"Phoenix, AZ","alternate_ident":"","airport_name":"Phoenix Sky Harbor Intl"},"destination":{"code":"CYXE","city":"Saskatoon, Saskatchewan","alternate_ident":"","airport_name":"Saskatoon Int'l"},"filed_ete":12480,"route":"MRBIL1 YOOPR IBSKI RACER GWEDO NGMOR CAREN CAREN1","filed_altitude":360,"display_filed_altitude":"36,000 feet","filed_airspeed_kts":441,"distance_filed":1367,"filed_departure_time":{"epoch":1542046800,"tz":"MST","dow":"Monday","time":"11:20AM","date":"2018/11/12","localtime":1542021600},"estimated_departure_time":{"epoch":1542046800,"tz":"MST","dow":"Monday","time":"11:20AM","date":"2018/11/12","localtime":1542021600},"actual_departure_time":{"epoch":0},"filed_arrival_time":{"epoch":1542059280,"tz":"CST","dow":"Monday","time":"03:48PM","date":"2018/11/12","localtime":1542037680},"estimated_arrival_time":{"epoch":1542059280,"tz":"CST","dow":"Monday","time":"03:48PM","date":"2018/11/12","localtime":1542037680},"actual_arrival_time":{"epoch":0},"arrival_delay":1620,"status":"Scheduled","progress_percent":-1,"aircrafttype":"B738","full_aircrafttype":"B738","adhoc":false},{"ident":"JZA8486","atc_ident":"JZA486","faFlightID":"JZA8486-1541831142-airline-0288","airline":"JZA","airline_iata":"QK","flightnumber":"8486","tailnumber":"C-FJXZ","type":"Form_Airline","blocked":false,"diverted":false,"cancelled":false,"origin":{"code":"CYEG","city":"Edmonton Capital Region, Alberta","alternate_ident":"","airport_name":"Edmonton Int'l"},"destination":{"code":"CYXE","city":"Saskatoon, Saskatchewan","alternate_ident":"","airport_name":"Saskatoon Int'l"},"filed_ete":3720,"route":"RYLEY J576 YWV KEBRU KEBRU4","filed_altitude":210,"display_filed_altitude":"21,000 feet","filed_airspeed_kts":284,"distance_filed":299,"filed_departure_time":{"epoch":1542056100,"tz":"MST","dow":"Monday","time":"01:55PM","date":"2018/11/12","localtime":1542030900},"estimated_departure_time":{"epoch":1542056160,"tz":"MST","dow":"Monday","time":"01:56PM","date":"2018/11/12","localtime":1542030960},"actual_departure_time":{"epoch":0},"filed_arrival_time":{"epoch":1542059820,"tz":"CST","dow":"Monday","time":"03:57PM","date":"2018/11/12","localtime":1542038220},"estimated_arrival_time":{"epoch":1542059880,"tz":"CST","dow":"Monday","time":"03:58PM","date":"2018/11/12","localtime":1542038280},"actual_arrival_time":{"epoch":0},"arrival_delay":60,"status":"Scheduled","progress_percent":-1,"aircrafttype":"DH8C","full_aircrafttype":"DH8C","adhoc":false},{"ident":"ACA1129","faFlightID":"ACA1129-1541831141-airline-0024","airline":"ACA","airline_iata":"AC","flightnumber":"1129","tailnumber":"C-FHNW","type":"Form_Airline","codeshares":"DLH6626","blocked":false,"diverted":false,"cancelled":false,"origin":{"code":"CYYZ","city":"Toronto, Ontario","alternate_ident":"","airport_name":"Toronto Pearson Int'l"},"destination":{"code":"CYXE","city":"Saskatoon, Saskatchewan","alternate_ident":"","airport_name":"Saskatoon Int'l"},"filed_ete":11880,"route":"AVSEP4 ROTMA SSM YQT ALMEX VBI PENPI DUNEM4","filed_altitude":360,"display_filed_altitude":"36,000 feet","filed_airspeed_kts":456,"distance_filed":1403,"filed_departure_time":{"epoch":1542049800,"tz":"EST","dow":"Monday","time":"02:10PM","date":"2018/11/12","localtime":1542031800},"estimated_departure_time":{"epoch":1542049800,"tz":"EST","dow":"Monday","time":"02:10PM","date":"2018/11/12","localtime":1542031800},"actual_departure_time":{"epoch":0},"filed_arrival_time":{"epoch":1542061680,"tz":"CST","dow":"Monday","time":"04:28PM","date":"2018/11/12","localtime":1542040080},"estimated_arrival_time":{"epoch":1542061680,"tz":"CST","dow":"Monday","time":"04:28PM","date":"2018/11/12","localtime":1542040080},"actual_arrival_time":{"epoch":0},"arrival_delay":0,"status":"Scheduled","progress_percent":-1,"aircrafttype":"E190","full_aircrafttype":"E190","adhoc":false}]},"scheduled":{"num_flights":15,"next_offset":15,"flights":[{"ident":"SWG352","faFlightID":"SWG352-1541831155-airline-0770","airline":"SWG","airline_iata":"WG","flightnumber":"352","type":"Form_Airline","blocked":false,"diverted":false,"cancelled":false,"origin":{"code":"CYXE","city":"Saskatoon, Saskatchewan","alternate_ident":"","airport_name":"Saskatoon Int'l"},"destination":{"code":"MKJS","city":"Montego Bay","alternate_ident":"MBJ","airport_name":"Sangster Int'l"},"filed_ete":20160,"route":"YXE J483 MOT ABR J45 FSD J45 DSM FTZ FAM J151 VISQA J151 VUZ HEVVN Q104 ENDEW Q81 THMPR Y290 FEMID Q79 MCLAW Y442 FUNDI ALVEK UZ465 UDNET UG442 ALORA ADSEL OMAXI4","filed_altitude":350,"display_filed_altitude":"35,000 feet","filed_airspeed_kts":439,"distance_filed":2861,"filed_departure_time":{"epoch":1542042300,"tz":"CST","dow":"Monday","time":"11:05AM","date":"2018/11/12","localtime":1542020700},"estimated_departure_time":{"epoch":1542042300,"tz":"CST","dow":"Monday","time":"11:05AM","date":"2018/11/12","localtime":1542020700},"actual_departure_time":{"epoch":0},"filed_arrival_time":{"epoch":1542062460,"tz":"EST","dow":"Monday","time":"05:41PM","date":"2018/11/12","localtime":1542044460},"estimated_arrival_time":{"epoch":1542062460,"tz":"EST","dow":"Monday","time":"05:41PM","date":"2018/11/12","localtime":1542044460},"actual_arrival_time":{"epoch":0},"arrival_delay":0,"status":"Scheduled","progress_percent":-1,"aircrafttype":"B738","full_aircrafttype":"B738","adhoc":false},{"ident":"WEN3244","faFlightID":"WEN3244-1541831156-airline-0241","airline":"WEN","airline_iata":"WR","flightnumber":"3244","tailnumber":"C-GWEJ","type":"Form_Airline","codeshares":"WJA3244","blocked":false,"diverted":false,"cancelled":false,"origin":{"code":"CYXE","city":"Saskatoon, Saskatchewan","alternate_ident":"","airport_name":"Saskatoon Int'l"},"destination":{"code":"CYWG","city":"Winnipeg, Manitoba","alternate_ident":"","airport_name":"Winnipeg Int'l"},"filed_ete":4560,"route":"YQV VLR AMBIL2","filed_altitude":250,"display_filed_altitude":"25,000 feet","filed_airspeed_kts":346,"distance_filed":455,"filed_departure_time":{"epoch":1542037500,"tz":"CST","dow":"Monday","time":"09:45AM","date":"2018/11/12","localtime":1542015900},"estimated_departure_time":{"epoch":1542042720,"tz":"CST","dow":"Monday","time":"11:12AM","date":"2018/11/12","localtime":1542021120},"actual_departure_time":{"epoch":0},"departure_delay":-120,"filed_arrival_time":{"epoch":1542042060,"tz":"CST","dow":"Monday","time":"11:01AM","date":"2018/11/12","localtime":1542020460},"estimated_arrival_time":{"epoch":1542047298,"tz":"CST","dow":"Monday","time":"12:28PM","date":"2018/11/12","localtime":1542025698},"actual_arrival_time":{"epoch":0},"arrival_delay":-660,"status":"Taxiing / Left Gate","progress_percent":-1,"aircrafttype":"DH8D","full_aircrafttype":"DH8D","adhoc":false},{"ident":"WEN3379","faFlightID":"WEN3379-1541831156-airline-0295","airline":"WEN","airline_iata":"WR","flightnumber":"3379","tailnumber":"C-GWEJ","type":"Form_Airline","codeshares":"QFA3612,WJA3379","blocked":false,"diverted":false,"cancelled":false,"origin":{"code":"CYXE","city":"Saskatoon, Saskatchewan","alternate_ident":"","airport_name":"Saskatoon Int'l"},"destination":{"code":"CYYC","city":"Calgary, Alberta","alternate_ident":"","airport_name":"Calgary Int'l"},"filed_ete":3720,"route":"OVATA BORIX UDPAV BIRKO BIRKO3","filed_altitude":240,"display_filed_altitude":"24,000 feet","filed_airspeed_kts":362,"distance_filed":339,"filed_departure_time":{"epoch":1542043500,"tz":"CST","dow":"Monday","time":"11:25AM","date":"2018/11/12","localtime":1542021900},"estimated_departure_time":{"epoch":1542043440,"tz":"CST","dow":"Monday","time":"11:24AM","date":"2018/11/12","localtime":1542021840},"actual_departure_time":{"epoch":0},"filed_arrival_time":{"epoch":1542047220,"tz":"MST","dow":"Monday","time":"11:27AM","date":"2018/11/12","localtime":1542022020},"estimated_arrival_time":{"epoch":1542047160,"tz":"MST","dow":"Monday","time":"11:26AM","date":"2018/11/12","localtime":1542021960},"actual_arrival_time":{"epoch":0},"arrival_delay":-840,"status":"Scheduled","progress_percent":-1,"aircrafttype":"DH8D","full_aircrafttype":"DH8D","adhoc":false},{"ident":"JZA8585","atc_ident":"JZA585","faFlightID":"JZA8585-1541831154-airline-0319","airline":"JZA","airline_iata":"QK","flightnumber":"8585","tailnumber":"C-GGNW","type":"Form_Airline","blocked":false,"diverted":false,"cancelled":false,"origin":{"code":"CYXE","city":"Saskatoon, Saskatchewan","alternate_ident":"","airport_name":"Saskatoon Int'l"},"destination":{"code":"CYYC","city":"Calgary, Alberta","alternate_ident":"","airport_name":"Calgary Int'l"},"filed_ete":3600,"route":"OVATA BORIX BIRKO BIRKO3","filed_altitude":240,"display_filed_altitude":"24,000 feet","filed_airspeed_kts":313,"distance_filed":322,"filed_departure_time":{"epoch":1542044100,"tz":"CST","dow":"Monday","time":"11:35AM","date":"2018/11/12","localtime":1542022500},"estimated_departure_time":{"epoch":1542044100,"tz":"CST","dow":"Monday","time":"11:35AM","date":"2018/11/12","localtime":1542022500},"actual_departure_time":{"epoch":0},"filed_arrival_time":{"epoch":1542047700,"tz":"MST","dow":"Monday","time":"11:35AM","date":"2018/11/12","localtime":1542022500},"estimated_arrival_time":{"epoch":1542047700,"tz":"MST","dow":"Monday","time":"11:35AM","date":"2018/11/12","localtime":1542022500},"actual_arrival_time":{"epoch":0},"arrival_delay":0,"status":"Scheduled","progress_percent":-1,"aircrafttype":"DH8D","full_aircrafttype":"DH8D","adhoc":false},{"ident":"ACA1122","faFlightID":"ACA1122-1541831141-airline-0237","airline":"ACA","airline_iata":"AC","flightnumber":"1122","tailnumber":"C-FNAN","type":"Form_Airline","codeshares":"ETD3863,DLH6623,LOT4162","blocked":false,"diverted":false,"cancelled":false,"origin":{"code":"CYXE","city":"Saskatoon, Saskatchewan","alternate_ident":"","airport_name":"Saskatoon Int'l"},"destination":{"code":"CYYZ","city":"Toronto, Ontario","alternate_ident":"","airport_name":"Toronto Pearson Int'l"},"filed_ete":9540,"route":"YQV J515 VLR J500 YQT OTNIK BOXUM3","filed_altitude":370,"display_filed_altitude":"37,000 feet","filed_airspeed_kts":454,"distance_filed":1382,"filed_departure_time":{"epoch":1542044100,"tz":"CST","dow":"Monday","time":"11:35AM","date":"2018/11/12","localtime":1542022500},"estimated_departure_time":{"epoch":1542044100,"tz":"CST","dow":"Monday","time":"11:35AM","date":"2018/11/12","localtime":1542022500},"actual_departure_time":{"epoch":0},"filed_arrival_time":{"epoch":1542053640,"tz":"EST","dow":"Monday","time":"03:14PM","date":"2018/11/12","localtime":1542035640},"estimated_arrival_time":{"epoch":1542053658,"tz":"EST","dow":"Monday","time":"03:14PM","date":"2018/11/12","localtime":1542035658},"actual_arrival_time":{"epoch":0},"arrival_delay":18,"status":"Scheduled","progress_percent":-1,"aircrafttype":"E190","full_aircrafttype":"E190","adhoc":false},{"ident":"WEN3211","faFlightID":"WEN3211-1541831156-airline-0462","airline":"WEN","airline_iata":"WR","flightnumber":"3211","tailnumber":"C-GEWR","type":"Form_Airline","codeshares":"KLM9585,WJA3211","blocked":false,"diverted":false,"cancelled":false,"origin":{"code":"CYXE","city":"Saskatoon, Saskatchewan","alternate_ident":"","airport_name":"Saskatoon Int'l"},"destination":{"code":"CYEG","city":"Edmonton Capital Region, Alberta","alternate_ident":"","airport_name":"Edmonton Int'l"},"filed_ete":3660,"route":"YXE YWV CAMRA IGSOX2","filed_altitude":240,"display_filed_altitude":"24,000 feet","filed_airspeed_kts":361,"distance_filed":331,"filed_departure_time":{"epoch":1542045300,"tz":"CST","dow":"Monday","time":"11:55AM","date":"2018/11/12","localtime":1542023700},"estimated_departure_time":{"epoch":1542045240,"tz":"CST","dow":"Monday","time":"11:54AM","date":"2018/11/12","localtime":1542023640},"actual_departure_time":{"epoch":0},"filed_arrival_time":{"epoch":1542048960,"tz":"MST","dow":"Monday","time":"11:56AM","date":"2018/11/12","localtime":1542023760},"estimated_arrival_time":{"epoch":1542048900,"tz":"MST","dow":"Monday","time":"11:55AM","date":"2018/11/12","localtime":1542023700},"actual_arrival_time":{"epoch":0},"arrival_delay":-360,"status":"Scheduled","progress_percent":-1,"aircrafttype":"DH8D","full_aircrafttype":"DH8D","adhoc":false},{"ident":"EDV9179","faFlightID":"EDV9179-1541960425-1-0-81","airline":"EDV","airline_iata":"9E","flightnumber":"9179","type":"Form_Airline","blocked":false,"diverted":false,"cancelled":false,"origin":{"code":"CYXE","city":"Saskatoon, Saskatchewan","alternate_ident":"","airport_name":"Saskatoon Int'l"},"destination":{"code":"KMSP","city":"Minneapolis, MN","alternate_ident":"","airport_name":"Minneapolis/St Paul Intl"},"filed_ete":16200,"filed_airspeed_kts":408,"distance_filed":795,"filed_departure_time":{"epoch":1542046500,"tz":"CST","dow":"Monday","time":"12:15PM","date":"2018/11/12","localtime":1542024900},"estimated_departure_time":{"epoch":1542046500,"tz":"CST","dow":"Monday","time":"12:15PM","date":"2018/11/12","localtime":1542024900},"actual_departure_time":{"epoch":0},"filed_arrival_time":{"epoch":1542062700,"tz":"CST","dow":"Monday","time":"04:45PM","date":"2018/11/12","localtime":1542041100},"estimated_arrival_time":{"epoch":1542062700,"tz":"CST","dow":"Monday","time":"04:45PM","date":"2018/11/12","localtime":1542041100},"actual_arrival_time":{"epoch":0},"arrival_delay":7800,"status":"Delayed","progress_percent":-1,"aircrafttype":"CRJ9","full_aircrafttype":"CRJ9","adhoc":false},{"ident":"WEN3369","faFlightID":"WEN3369-1541831156-airline-0103","airline":"WEN","airline_iata":"WR","flightnumber":"3369","tailnumber":"C-GWEN","type":"Form_Airline","codeshares":"KLM9581,WJA3369","blocked":false,"diverted":false,"cancelled":false,"origin":{"code":"CYXE","city":"Saskatoon, Saskatchewan","alternate_ident":"","airport_name":"Saskatoon Int'l"},"destination":{"code":"CYYC","city":"Calgary, Alberta","alternate_ident":"","airport_name":"Calgary Int'l"},"filed_ete":3360,"route":"OVATA BORIX UDPAV BIRKO BIRKO3","filed_altitude":240,"display_filed_altitude":"24,000 feet","filed_airspeed_kts":355,"distance_filed":339,"filed_departure_time":{"epoch":1542050400,"tz":"CST","dow":"Monday","time":"01:20PM","date":"2018/11/12","localtime":1542028800},"estimated_departure_time":{"epoch":1542050400,"tz":"CST","dow":"Monday","time":"01:20PM","date":"2018/11/12","localtime":1542028800},"actual_departure_time":{"epoch":0},"filed_arrival_time":{"epoch":1542053760,"tz":"MST","dow":"Monday","time":"01:16PM","date":"2018/11/12","localtime":1542028560},"estimated_arrival_time":{"epoch":1542053775,"tz":"MST","dow":"Monday","time":"01:16PM","date":"2018/11/12","localtime":1542028575},"actual_arrival_time":{"epoch":0},"arrival_delay":15,"status":"Scheduled","progress_percent":-1,"aircrafttype":"DH8D","full_aircrafttype":"DH8D","adhoc":false},{"ident":"SKW4819","faFlightID":"SKW4819-1541831156-airline-0267","airline":"SKW","airline_iata":"OO","flightnumber":"4819","tailnumber":"N809SK","type":"Form_Airline","codeshares":"WJA6484,KLM6745,DAL4819","blocked":false,"diverted":false,"cancelled":false,"origin":{"code":"CYXE","city":"Saskatoon, Saskatchewan","alternate_ident":"","airport_name":"Saskatoon Int'l"},"destination":{"code":"KMSP","city":"Minneapolis, MN","alternate_ident":"","airport_name":"Minneapolis/St Paul Intl"},"filed_ete":7320,"route":"VLN J483 MOT TTAIL BAINY3","filed_altitude":370,"display_filed_altitude":"37,000 feet","filed_airspeed_kts":445,"distance_filed":847,"filed_departure_time":{"epoch":1542055080,"tz":"CST","dow":"Monday","time":"02:38PM","date":"2018/11/12","localtime":1542033480},"estimated_departure_time":{"epoch":1542055080,"tz":"CST","dow":"Monday","time":"02:38PM","date":"2018/11/12","localtime":1542033480},"actual_departure_time":{"epoch":0},"filed_arrival_time":{"epoch":1542062400,"tz":"CST","dow":"Monday","time":"04:40PM","date":"2018/11/12","localtime":1542040800},"estimated_arrival_time":{"epoch":1542062400,"tz":"CST","dow":"Monday","time":"04:40PM","date":"2018/11/12","localtime":1542040800},"actual_arrival_time":{"epoch":0},"arrival_delay":0,"status":"Scheduled","progress_percent":-1,"aircrafttype":"CRJ9","full_aircrafttype":"CRJ9","inbound_faFlightID":"SKW4820-1541831156-airline-0229","adhoc":false},{"ident":"WEN3193","faFlightID":"WEN3193-1541831156-airline-0412","airline":"WEN","airline_iata":"WR","flightnumber":"3193","tailnumber":"C-FWEP","type":"Form_Airline","codeshares":"WJA3193","blocked":false,"diverted":false,"cancelled":true,"origin":{"code":"CYXE","city":"Saskatoon, Saskatchewan","alternate_ident":"","airport_name":"Saskatoon Int'l"},"destination":{"code":"CYYC","city":"Calgary, Alberta","alternate_ident":"","airport_name":"Calgary Int'l"},"filed_ete":3360,"route":"OVATA BORIX UDPAV BIRKO BIRKO3","filed_altitude":240,"display_filed_altitude":"24,000 feet","filed_airspeed_kts":355,"distance_filed":339,"filed_departure_time":{"epoch":1542057000,"tz":"CST","dow":"Monday","time":"03:10PM","date":"2018/11/12","localtime":1542035400},"estimated_departure_time":{"epoch":1542057000,"tz":"CST","dow":"Monday","time":"03:10PM","date":"2018/11/12","localtime":1542035400},"actual_departure_time":{"epoch":-1,"tz":"CST","dow":"Wednesday","time":"05:59PM","date":"1969/12/31","localtime":-21601},"filed_arrival_time":{"epoch":1542060360,"tz":"MST","dow":"Monday","time":"03:06PM","date":"2018/11/12","localtime":1542035160},"estimated_arrival_time":{"epoch":-1,"tz":"MST","dow":"Wednesday","time":"04:59PM","date":"1969/12/31","localtime":-25201},"actual_arrival_time":{"epoch":-1,"tz":"MST","dow":"Wednesday","time":"04:59PM","date":"1969/12/31","localtime":-25201},"arrival_delay":15,"status":"Cancelled","progress_percent":100,"aircrafttype":"DH8D","full_aircrafttype":"DH8D","adhoc":false},{"ident":"JZA8587","atc_ident":"JZA587","faFlightID":"JZA8587-1541831150-airline-0109","airline":"JZA","airline_iata":"QK","flightnumber":"8587","tailnumber":"C-GGNY","type":"Form_Airline","blocked":false,"diverted":false,"cancelled":false,"origin":{"code":"CYXE","city":"Saskatoon, Saskatchewan","alternate_ident":"","airport_name":"Saskatoon Int'l"},"destination":{"code":"CYYC","city":"Calgary, Alberta","alternate_ident":"","airport_name":"Calgary Int'l"},"filed_ete":3780,"route":"OVATA BORIX BIRKO BIRKO3","filed_altitude":240,"display_filed_altitude":"24,000 feet","filed_airspeed_kts":311,"distance_filed":322,"filed_departure_time":{"epoch":1542057300,"tz":"CST","dow":"Monday","time":"03:15PM","date":"2018/11/12","localtime":1542035700},"estimated_departure_time":{"epoch":1542057300,"tz":"CST","dow":"Monday","time":"03:15PM","date":"2018/11/12","localtime":1542035700},"actual_departure_time":{"epoch":0},"filed_arrival_time":{"epoch":1542061080,"tz":"MST","dow":"Monday","time":"03:18PM","date":"2018/11/12","localtime":1542035880},"estimated_arrival_time":{"epoch":1542061080,"tz":"MST","dow":"Monday","time":"03:18PM","date":"2018/11/12","localtime":1542035880},"actual_arrival_time":{"epoch":0},"arrival_delay":0,"status":"Scheduled","progress_percent":-1,"aircrafttype":"DH8D","full_aircrafttype":"DH8D","adhoc":false},{"ident":"SLQ721","faFlightID":"SLQ721-1542039068-6-0-206","airline":"SLQ","flightnumber":"721","type":"Form_Airline","blocked":false,"diverted":false,"cancelled":false,"origin":{"code":"CYXE","city":"Saskatoon, Saskatchewan","alternate_ident":"","airport_name":"Saskatoon Int'l"},"destination":{"code":"CYQR","city":"Regina, Saskatchewan","alternate_ident":"","airport_name":"Regina Int'l"},"filed_ete":2340,"route":"ANTOS ANTOS5","filed_altitude":150,"display_filed_altitude":"15,000 feet","filed_airspeed_kts":250,"distance_filed":180,"filed_departure_time":{"epoch":1542060600,"tz":"CST","dow":"Monday","time":"04:10PM","date":"2018/11/12","localtime":1542039000},"estimated_departure_time":{"epoch":1542061200,"tz":"CST","dow":"Monday","time":"04:20PM","date":"2018/11/12","localtime":1542039600},"actual_departure_time":{"epoch":0},"filed_arrival_time":{"epoch":1542062940,"tz":"CST","dow":"Monday","time":"04:49PM","date":"2018/11/12","localtime":1542041340},"estimated_arrival_time":{"epoch":1542063574,"tz":"CST","dow":"Monday","time":"04:59PM","date":"2018/11/12","localtime":1542041974},"actual_arrival_time":{"epoch":0},"arrival_delay":634,"status":"Scheduled","progress_percent":-1,"aircrafttype":"B190","full_aircrafttype":"B190","adhoc":false},{"ident":"WJA1924","faFlightID":"WJA1924-1541831156-airline-0496","airline":"WJA","airline_iata":"WS","flightnumber":"1924","tailnumber":"C-GWSZ","type":"Form_Airline","blocked":false,"diverted":false,"cancelled":false,"origin":{"code":"CYXE","city":"Saskatoon, Saskatchewan","alternate_ident":"","airport_name":"Saskatoon Int'l"},"destination":{"code":"KPHX","city":"Phoenix, AZ","alternate_ident":"","airport_name":"Phoenix Sky Harbor Intl"},"filed_ete":9240,"route":"YXE YYN LWT BCE J11 CORKR TENTS BRUSR1","filed_altitude":300,"display_filed_altitude":"30,000 feet","filed_airspeed_kts":417,"distance_filed":1351,"filed_departure_time":{"epoch":1542062100,"tz":"CST","dow":"Monday","time":"04:35PM","date":"2018/11/12","localtime":1542040500},"estimated_departure_time":{"epoch":1542062100,"tz":"CST","dow":"Monday","time":"04:35PM","date":"2018/11/12","localtime":1542040500},"actual_departure_time":{"epoch":0},"filed_arrival_time":{"epoch":1542071340,"tz":"MST","dow":"Monday","time":"06:09PM","date":"2018/11/12","localtime":1542046140},"estimated_arrival_time":{"epoch":1542071350,"tz":"MST","dow":"Monday","time":"06:09PM","date":"2018/11/12","localtime":1542046150},"actual_arrival_time":{"epoch":0},"arrival_delay":10,"status":"Scheduled","progress_percent":-1,"aircrafttype":"B738","full_aircrafttype":"B738","adhoc":false},{"ident":"JZA8296","atc_ident":"JZA296","faFlightID":"JZA8296-1541831142-airline-0272","airline":"JZA","airline_iata":"QK","flightnumber":"8296","tailnumber":"C-GTAT","type":"Form_Airline","blocked":false,"diverted":false,"cancelled":false,"origin":{"code":"CYXE","city":"Saskatoon, Saskatchewan","alternate_ident":"","airport_name":"Saskatoon Int'l"},"destination":{"code":"CYWG","city":"Winnipeg, Manitoba","alternate_ident":"","airport_name":"Winnipeg Int'l"},"filed_ete":4920,"route":"YXE J515 VLR AMBIL2","filed_altitude":250,"display_filed_altitude":"25,000 feet","filed_airspeed_kts":253,"distance_filed":440,"filed_departure_time":{"epoch":1542062100,"tz":"CST","dow":"Monday","time":"04:35PM","date":"2018/11/12","localtime":1542040500},"estimated_departure_time":{"epoch":1542062100,"tz":"CST","dow":"Monday","time":"04:35PM","date":"2018/11/12","localtime":1542040500},"actual_departure_time":{"epoch":0},"filed_arrival_time":{"epoch":1542067020,"tz":"CST","dow":"Monday","time":"05:57PM","date":"2018/11/12","localtime":1542045420},"estimated_arrival_time":{"epoch":1542067020,"tz":"CST","dow":"Monday","time":"05:57PM","date":"2018/11/12","localtime":1542045420},"actual_arrival_time":{"epoch":0},"arrival_delay":0,"status":"Scheduled","progress_percent":-1,"aircrafttype":"DH8C","full_aircrafttype":"DH8C","adhoc":false},{"ident":"JZA8485","atc_ident":"JZA485","faFlightID":"JZA8485-1541831142-airline-0368","airline":"JZA","airline_iata":"QK","flightnumber":"8485","tailnumber":"C-FJXZ","type":"Form_Airline","blocked":false,"diverted":false,"cancelled":false,"origin":{"code":"CYXE","city":"Saskatoon, Saskatchewan","alternate_ident":"","airport_name":"Saskatoon Int'l"},"destination":{"code":"CYEG","city":"Edmonton Capital Region, Alberta","alternate_ident":"","airport_name":"Edmonton Int'l"},"filed_ete":4320,"filed_altitude":230,"display_filed_altitude":"23,000 feet","filed_airspeed_kts":262,"distance_filed":299,"filed_departure_time":{"epoch":1542062400,"tz":"CST","dow":"Monday","time":"04:40PM","date":"2018/11/12","localtime":1542040800},"estimated_departure_time":{"epoch":1542062400,"tz":"CST","dow":"Monday","time":"04:40PM","date":"2018/11/12","localtime":1542040800},"actual_departure_time":{"epoch":0},"filed_arrival_time":{"epoch":1542066720,"tz":"MST","dow":"Monday","time":"04:52PM","date":"2018/11/12","localtime":1542041520},"estimated_arrival_time":{"epoch":1542066720,"tz":"MST","dow":"Monday","time":"04:52PM","date":"2018/11/12","localtime":1542041520},"actual_arrival_time":{"epoch":0},"arrival_delay":0,"status":"Scheduled","progress_percent":-1,"aircrafttype":"DH8C","full_aircrafttype":"DH8C","adhoc":false}]}}}
